[{"model": "admin.logentry", "pk": 1, "fields": {"action_time": "2026-01-19T16:53:57.916Z", "user": 3, "content_type": 8, "object_id": "1", "object_repr": "Whey Rule 1 Protein Isolate", "action_flag": 1, "change_message": "[{\"added\": {}}]"}}, {"model": "admin.logentry", "pk": 2, "fields": {"action_time": "2026-01-19T17:00:44.382Z", "user": 3, "content_type": 8, "object_id": "1", "object_repr": "Whey Rule 1 Protein Isolate", "action_flag": 2, "change_message": "[{\"changed\": {\"fields\": [\"\\u1ea2nh s\\u1ea3n ph\\u1ea9m\"]}}]"}}, {"model": "admin.logentry", "pk": 3, "fields": {"action_time": "2026-01-19T17:01:00.573Z", "user": 3, "content_type": 8, "object_id": "1", "object_repr": "Whey Rule 1 Protein Isolate", "action_flag": 2, "change_message": "[{\"changed\": {\"fields\": [\"\\u1ea2nh s\\u1ea3n ph\\u1ea9m\"]}}]"}}, {"model": "admin.logentry", "pk": 4, "fields": {"action_time": "2026-01-19T17:06:32.507Z", "user": 3, "content_type": 8, "object_id": "1", "object_repr": "Whey Rule 1 Protein Isolate", "action_flag": 2, "change_message": "[{\"changed\": {\"fields\": [\"\\u1ea2nh s\\u1ea3n ph\\u1ea9m\"]}}]"}}, {"model": "admin.logentry", "pk": 5, "fields": {"action_time": "2026-01-19T17:06:44.914Z", "user": 3, "content_type": 8, "object_id": "1", "object_repr": "Whey Rule 1 Protein Isolate", "action_flag": 2, "change_message": "[{\"changed\": {\"fields\": [\"\\u1ea2nh s\\u1ea3n ph\\u1ea9m\"]}}]"}}, {"model": "admin.logentry", "pk": 6, "fields": {"action_time": "2026-01-19T17:16:41.074Z", "user": 3, "content_type": 8, "object_id": "1", "object_repr": "Whey Rule 1 Protein Isolate", "action_flag": 2, "change_message": "[{\"added\": {\"name\": \"product image\", \"object\": \"\\u1ea2nh c\\u1ee7a Whey Rule 1 Protein Isolate\"}}]"}}, {"model": "admin.logentry", "pk": 7, "fields": {"action_time": "2026-01-19T17:16:52.669Z", "user": 3, "content_type": 8, "object_id": "1", "object_repr": "Whey Rule 1 Protein Isolate", "action_flag": 2, "change_message": "[{\"changed\": {\"name\": \"product image\", \"object\": \"\\u1ea2nh c\\u1ee7a Whey Rule 1 Protein Isolate\", \"fields\": [\"\\u1ea2nh ph\\u1ee5\"]}}]"}}, {"model": "admin.logentry", "pk": 8, "fields": {"action_time": "2026-01-19T17:17:23.633Z", "user": 3, "content_type": 8, "object_id": "1", "object_repr": "Whey Rule 1 Protein Isolate", "action_flag": 2, "change_message": "[{\"added\": {\"name\": \"product image\", \"object\": \"\\u1ea2nh c\\u1ee7a Whey Rule 1 Protein Isolate\"}}]"}}, {"model": "admin.logentry", "pk": 9, "fields": {"action_time": "2026-01-19T17:17:52.904Z", "user": 3, "content_type": 8, "object_id": "1", "object_repr": "Whey Rule 1 Protein Isolate", "action_flag": 2, "change_message": "[{\"changed\": {\"fields\": [\"Gi\\u00e1 ti\\u1ec1n (VN\\u0110)\"]}}, {\"added\": {\"name\": \"product image\", \"object\": \"\\u1ea2nh c\\u1ee7a Whey Rule 1 Protein Isolate\"}}, {\"added\": {\"name\": \"product image\", \"object\": \"\\u1ea2nh c\\u1ee7a Whey Rule 1 Protein Isolate\"}}]"}}, {"model": "admin.logentry", "pk": 10, "fields": {"action_time": "2026-01-19T17:56:51.822Z", "user": 3, "content_type": 10, "object_id": "2", "object_repr": "Đơn hàng #2 - cuongdaika", "action_flag": 3, "change_message": ""}}, {"model": "admin.logentry", "pk": 11, "fields": {"action_time": "2026-01-19T17:56:58.666Z", "user": 3, "content_type": 10, "object_id": "1", "object_repr": "Đơn hàng #1 - cuongdaika", "action_flag": 3, "change_message": ""}}, {"model": "admin.logentry", "pk": 12, "fields": {"action_time": "2026-01-19T18:12:10.061Z", "user": 3, "content_type": 10, "object_id": "3", "object_repr": "Đơn hàng #3 - admin", "action_flag": 3, "change_message": ""}}, {"model": "admin.logentry", "pk": 13, "fields": {"action_time": "2026-01-19T18:18:45.562Z", "user": 3, "content_type": 10, "object_id": "4", "object_repr": "Đơn hàng #4 - cuongdaika", "action_flag": 3, "change_message": ""}}, {"model": "auth.user", "pk": 1, "fields": {"password": "pbkdf2_sha256$390000$bw2R6GoAbUHe3iZJLuTOUN$P+Y4Nrpu0OxV0YkpFbS94EPqopMg3g0ZpV98bKi4JZs=", "last_login": "2026-03-20T08:21:11.709Z", "is_superuser": false, "username": "cuongdaika", "first_name": "Hoàng Quốc Cường", "last_name": "", "email": "cuong.0972308862@gmail.com", "is_staff": false, "is_active": true, "date_joined": "2026-01-19T16:27:55.017Z", "groups": [], "user_permissions": []}}, {"model": "auth.user", "pk": 2, "fields": {"password": "pbkdf2_sha256$390000$7JhF9MvUeOiG7fULYlVEQo$a7hmp5/YGlwmVT9Zs4kiMN2GyTjoN/zHUow1clUPsyI=", "last_login": "2026-01-21T21:42:46.137Z", "is_superuser": false, "username": "concard", "first_name": "123", "last_name": "", "email": "abc@gmail.com", "is_staff": false, "is_active": true, "date_joined": "2026-01-19T16:29:23.731Z", "groups": [], "user_permissions": []}}, {"model": "auth.user", "pk": 3, "fields": {"password": "pbkdf2_sha256$390000$hTV9cappMSlgfoZYitVTzh$lDHq7IUI/8mr7fnyIc8BOJ41gkTFo0XCgs97G2nMpwg=", "last_login": "2026-03-20T08:05:09.192Z", "is_superuser": true, "username": "admin", "first_name": "", "last_name": "", "email": "", "is_staff": true, "is_active": true, "date_joined": "2026-01-19T16:51:23.517Z", "groups": [], "user_permissions": []}}, {"model": "auth.user", "pk": 4, "fields": {"password": "pbkdf2_sha256$390000$n9jOoBaffPx2WdCf5YbUK5$htAAUmMZW8q1Flo+lSgxDnlcX1y4gxTwK+48xV9TTZo=", "last_login": "2026-01-22T19:20:15.700Z", "is_superuser": false, "username": "yasuo", "first_name": "anh bê quá", "last_name": "", "email": "2331540219@vaa.edu.vn", "is_staff": false, "is_active": true, "date_joined": "2026-01-22T19:20:15.271Z", "groups": [], "user_permissions": []}}, {"model": "sessions.session", "pk": "4r49smgv8jgtutbuxe7guddm6uodsdv5", "fields": {"session_data": ".eJxVjMsOwiAQRf-FtSHAlMe4dO83EBhGqRqalHZl_HfbpAvdnnPufYuY1qXGtfMcxyLOAsTpl-VET267KI_U7pOkqS3zmOWeyMN2eZ0Kvy5H-3dQU6_bOgASZyg-2EGTB8yKGbO1Ojggg8oYbZNGAm9J31wB5QYgIo9-Iyg-X8f3Nvc:1vo0bK:EKDmR2YBmLq4mwAQTl_tbR8NVd4EILfrDT3aN60Zsos", "expire_date": "2026-02-19T14:44:58.789Z"}}, {"model": "sessions.session", "pk": "bgmewlf5unbap92l2qbal6hqlx52g2yx", "fields": {"session_data": ".eJxVjDkOwjAUBe_iGlleiBdKes5g_cXGAeRIcVIh7o4spYD2zcx7iwT7VtPe85pmFhehxel3Q6BnbgPwA9p9kbS0bZ1RDkUetMvbwvl1Pdy_gwq9jtpbtudoyLMzoRScJrLM3iuCiIAFPJHKisGoECkY9oacw0BBWyYtPl8DyjjA:1w3V6V:dvSGQFxx0uzN1-7XAvWOvqjnyw4wJd4N_5n25tgRKsg", "expire_date": "2026-04-03T08:21:11.713Z"}}, {"model": "sessions.session", "pk": "f55b7bjbgwt3hlwegd9rr1qtn4a6c1hd", "fields": {"session_data": ".eJxVjDkOwjAUBe_iGlleiBdKes5g_cXGAeRIcVIh7o4spYD2zcx7iwT7VtPe85pmFhehxel3Q6BnbgPwA9p9kbS0bZ1RDkUetMvbwvl1Pdy_gwq9jtpbtudoyLMzoRScJrLM3iuCiIAFPJHKisGoECkY9oacw0BBWyYtPl8DyjjA:1vj0Rf:sgrsQ81wq4StzCbh0a3Zeni4q-5EOa9tq0srAfeuNak", "expire_date": "2026-02-05T19:34:19.155Z"}}, {"model": "sessions.session", "pk": "gtm7ny3iw4aknxmynnl8pv2lcych77th", "fields": {"session_data": ".eJxVjDkOwjAUBe_iGlleiBdKes5g_cXGAeRIcVIh7o4spYD2zcx7iwT7VtPe85pmFhehxel3Q6BnbgPwA9p9kbS0bZ1RDkUetMvbwvl1Pdy_gwq9jtpbtudoyLMzoRScJrLM3iuCiIAFPJHKisGoECkY9oacw0BBWyYtPl8DyjjA:1vjCtg:bOsyaGtQnZ6seTWbSSUNffv1lUxR3mPTzRoTqzZP-Sw", "expire_date": "2026-02-06T08:52:04.314Z"}}, {"model": "sessions.session", "pk": "ll7arpobhaaw9heavgx4rtsu3q50tauq", "fields": {"session_data": ".eJxVjDkOwjAUBe_iGlleiBdKes5g_cXGAeRIcVIh7o4spYD2zcx7iwT7VtPe85pmFhehxel3Q6BnbgPwA9p9kbS0bZ1RDkUetMvbwvl1Pdy_gwq9jtpbtudoyLMzoRScJrLM3iuCiIAFPJHKisGoECkY9oacw0BBWyYtPl8DyjjA:1vjEeY:378sEA5z7fLbcUGNsdirNGFYoXT1NCiEUdajalIlmOE", "expire_date": "2026-02-06T10:44:34.855Z"}}, {"model": "sessions.session", "pk": "zf7cw8ywwp7d99vraz4smwctxe71wxql", "fields": {"session_data": ".eJxVjMsOwiAQRf-FtSHAlMe4dO83EBhGqRqalHZl_HfbpAvdnnPufYuY1qXGtfMcxyLOAsTpl-VET267KI_U7pOkqS3zmOWeyMN2eZ0Kvy5H-3dQU6_bOgASZyg-2EGTB8yKGbO1Ojggg8oYbZNGAm9J31wB5QYgIo9-Iyg-X8f3Nvc:1vj0F2:vDUOxn3qxLBbMbEsgNPMpE1Nc4EY7LDjfIKoEqztuT0", "expire_date": "2026-02-05T19:21:16.709Z"}}, {"model": "users.profile", "pk": 1, "fields": {"user": 1, "phone": "0912634507", "height": 160.0, "weight": 52.0}}, {"model": "users.profile", "pk": 2, "fields": {"user": 2, "phone": "0912634501", "height": 170.0, "weight": 36.0}}, {"model": "users.profile", "pk": 3, "fields": {"user": 4, "phone": "0836268815", "height": 180.0, "weight": 70.0}}, {"model": "store.product", "pk": 1, "fields": {"name": "Whey Rule 1 Protein Isolate", "category": "WHEY", "price": 1650000, "image": "products/wheyrule14_9wj4Afc.webp", "description": "**THÔNG TIN SẢN PHẨM**\r\n- Thương hiệu: Rule 1 (R1)\r\n- Xuất xứ: USA\r\n- Hương vị: Chocolate Fudge (Socola) / Cookies & Crème\r\n- Trọng lượng: 5 lbs (Khoảng 2.3kg)\r\n\r\n**ƯU ĐIỂM NỔI BẬT:**\r\n✅ 25g Protein siêu tinh khiết mỗi lần dùng (Serving).\r\n✅ 100% Whey Isolate & Hydrolyzed (Hấp thụ siêu nhanh).\r\n✅ ZERO Đường, ZERO Chất độn (Gums), ZERO Kem béo (Creamers).\r\n✅ 6g BCAAs hỗ trợ phục hồi cơ bắp.\r\n\r\n**CÁCH DÙNG:**\r\nPha 1 muỗng với 200-300ml nước lạnh, uống ngay sau khi tập luyện hoặc buổi sáng khi thức dậy."}}, {"model": "store.product", "pk": 2, "fields": {"name": "Orgain Creatine Monohydrate", "category": "CREATINE", "price": 820000, "image": "products/creatine1.webp", "description": "**THÔNG TIN SẢN PHẨM**\r\n- Thương hiệu: Orgain (USA)\r\n- Quy cách: Hũ 500g (100 lần dùng)\r\n- Thành phần: 100% Creatine Monohydrate tinh khiết.\r\n\r\n**ƯU ĐIỂM \"CLEAN NUTRITION\":**\r\n✅ Cung cấp 5g Creatine chuẩn tinh khiết trong mỗi muỗng (Serving).\r\n✅ Công thức \"Sạch\": Không chất bảo quản, không hương liệu nhân tạo, không đường.\r\n✅ Hỗ trợ tăng sức mạnh, sức bền và phát triển cơ bắp tối đa.\r\n✅ Đạt chứng nhận B Corporation (Tiêu chuẩn cao về chất lượng và minh bạch).\r\n\r\n**HƯỚNG DẪN SỬ DỤNG:**\r\n- Pha 1 muỗng (5g) với 250ml nước lọc hoặc nước trái cây.\r\n- Uống trước hoặc ngay sau khi tập luyện.\r\n- Vào những ngày không tập: Uống 1 muỗng vào buổi sáng."}}, {"model": "store.product", "pk": 3, "fields": {"name": "Viên kẽm AMAGAIN", "category": "HEALTH", "price": 130000, "image": "products/zinc1.jpg", "description": "Với mong muốn mang đến các giải pháp chăm sóc sức khỏe nền tảng, AMAGAIN từ Fresheen Health - được định hướng phát triển tập trung vào vi chất thiết yếu, theo tiêu chí khoa học - an toàn - phù hợp thể trạng người Việt.\r\n\r\n• Viên KẼM AMAGAIN ứng dụng công nghệ Chelamax Zinc Bisglycinate từ Innophos (Hoa Kỳ) - nhà máy khoáng chất toàn cầu với lịch sử hơn 123 năm.\r\n\r\n\r\n\r\n1. Thành phần:\r\n\r\n• Kẽm nguyên tố 10mg tương đương với 35.5mg Chelamax Zinc Bisglycinate (Hoa Kỳ) - dạng kẽm hữu cơ chelate có khả năng hấp thu tốt cao hơn 43,4% so với Gluconate và dễ dung nạp, hạn chế tác dụng phụ.\r\n\r\n• Oxxynea WS 67.5mg (Pháp) - nguồn polyphenol cô đặc từ 22 loại rau củ và trái cây, hỗ trợ chống oxy hóa và nâng cao sức bền.\r\n\r\nThành phần khác: Tá dược (Tinh bột sắn, Bột Talc, Magnesi stearat, Colloidal silicon dioxide, Povidone), Chất bảo quản (Methylparaben, Propylparaben), Vỏ nang Gelatin.\r\n\r\n\r\n\r\n2. Đối tượng:\r\n\r\n• Người trưởng thành trên 18 tuổi\r\n\r\n• Người dễ mệt mỏi, chán ăn, rụng tóc\r\n\r\n• Người có nhu cầu bổ sung kẽm. VD: thường xuyên luyện tập thể thao, hệ miễn dịch yếu,...\r\n\r\n\r\n\r\n3. Hướng dẫn sử dụng\r\n\r\n• Thời gian khuyến nghị: Sáng – trước ăn 30 phút hoặc sau ăn 1 tiếng\r\n\r\n• Người dạ dày yếu/hay buồn nôn: Sau bữa ăn chính (sáng/trưa)\r\n\r\n• Bổ sung duy trì: 1 viên/ngày, dùng 2 tháng (3 túi), nghỉ 2 tuần, lặp lại nếu cần.\r\n\r\n• Người có nhu cầu thể chất cao, ăn uống kém, dễ mệt mỏi: 1 viên/ngày, 3 tháng (5 túi), nghỉ 1 tháng, lặp lại nếu cần.\r\n\r\n• Khuyến nghị: Nên sử dụng liên tục ít nhất 21–60 ngày để cảm nhận rõ hiệu quả.\r\n\r\n\r\n\r\nLưu ý: Liều dùng có thể thay đổi theo thể trạng và nhu cầu. Hãy nhắn cho shop để được tư vấn!\r\n\r\n\r\n\r\n4. Quy cách đóng gói\r\n\r\n• Dạng: Viên nang cứng\r\n\r\n• Màu: Bạc in chìm \"Tra\"\r\n\r\n• Túi zip: 21 viên\r\n\r\n\r\n\r\n5. Lưu ý\r\n\r\n• Đây là thực phẩm bổ sung, không phải là thuốc và không thay thế thuốc chữa bệnh.\r\n\r\n• Không dùng nếu mẫn cảm, kiêng kỵ với bất kỳ thành phần nào của sản phẩm hay s.u.y gan – thận\r\n\r\n• Phụ nữ mang thai hoặc đang cho con bú, người đang sử dụng thuốc tham khảo ý kiến của bác sỹ hoặc dược sỹ trước khi dùng.\r\n\r\n• Việc dùng kẽm quá liều sẽ không tốt cho cơ thể, không dùng quá liều lượng.\r\n\r\n• Bảo quản nơi khô ráo, tránh ánh nắng trực tiếp.\r\n\r\n• Đóng túi kỹ sau khi dùng. Để xa tầm tay trẻ em.\r\n\r\n• Không dùng cùng lúc với sắt, canxi, magie - NÊN uống cách nhau 4 giờ.\r\n\r\n• Hiệu quả có thể khác nhau tùy cơ địa."}}, {"model": "store.product", "pk": 4, "fields": {"name": "PVL GOLD SERIES EAA COMPLETE+", "category": "EAA", "price": 970000, "image": "products/eaa1.webp", "description": "Phục hồi cơ bắp toàn diện — Tăng cường hiệu suất tập luyện\r\n\r\n8g Amino Acids cao cấp: Cung cấp đầy đủ 9 loại EAAs thiết yếu (Axit Amin thiết yếu) mà cơ thể không tự tổng hợp được, đóng vai trò quan trọng trong việc hỗ trợ tổng hợp Protein và phục hồi cơ bắp ngay trong lúc tập luyện.\r\n\r\nĐộ tinh khiết tuyệt đối: Sản phẩm hoàn toàn không chứa đường (0g Sugar) và không chứa tinh bột (0g Carbs), giúp bạn kiểm soát lượng calo nạp vào một cách chặt chẽ nhất, cực kỳ phù hợp cho người đang trong chế độ xiết cơ (Cutting) hoặc ăn kiêng.\r\n\r\nHương vị Tropical Punch sảng khoái: Mang đến trải nghiệm hương vị trái cây nhiệt đới thơm ngon, giúp giải nhiệt và đập tan sự mệt mỏi trong những buổi tập cường độ cao.\r\n\r\nDòng Gold Series đẳng cấp: Là sản phẩm thuộc phân khúc cao cấp nhất của thương hiệu PVL, được tin dùng bởi các vận động viên chuyên nghiệp nhờ quy trình kiểm định chất lượng nghiêm ngặt."}}, {"model": "store.product", "pk": 5, "fields": {"name": "MUTANT ISO SURGE (Whey Isolate & Hydrolysate)", "category": "WHEY", "price": 3125000, "image": "products/whey2.webp", "description": "Điểm nổi bật không thể bỏ qua! 🏋️‍♂️\r\n\r\nĐạm whey protein isolate Mutant ISO Surge 2,27kg mang đến hấp thu nhanh, hỗ trợ phát triển cơ bắp hiệu quả và phục hồi cơ vượt trội. Sản phẩm chứa hơn 5g BCAA mỗi liều, giúp chống dị hóa cơ và tăng cường sức bền, sức mạnh cho người tập luyện.\r\n\r\n\r\n\r\nCác lựa chọn hương vị đa dạng 🍫🍓\r\n\r\nMutant ISO Surge có nhiều hương vị hấp dẫn như Triple Chocolate, Fudge Brownie, Vanilla Ice Cream, Cookies & Cream, Strawberry, Coconut Cream, Banana Cream, Mint Chocolate Chip, Peanut Butter Choco. Mỗi lựa chọn đều mang lại trải nghiệm vị giác mới lạ, phù hợp với mọi sở thích.\r\n\r\n\r\n\r\nThông tin sản phẩm chi tiết 📦\r\n\r\n- Không chứa whey concentrate, không lactose, phù hợp cho người nhạy cảm.\r\n\r\n- Thành phần tinh khiết, dễ hòa tan, tiện lợi sử dụng hàng ngày.\r\n\r\n- Hỗ trợ xây dựng và duy trì khối lượng cơ cho người tập gym, vận động viên thể thao.\r\n\r\n- Có thể lựa chọn kèm bình lắc Mutant 1L hoặc không kèm quà, linh hoạt theo nhu cầu.\r\n\r\n\r\n\r\nLý tưởng cho mọi mục tiêu phát triển cơ bắp và phục hồi cơ thể – Mutant ISO Surge là lựa chọn hoàn hảo cho người yêu thể hình!"}}, {"model": "store.product", "pk": 6, "fields": {"name": "Amix Black Line Creatine Creapure", "category": "CREATINE", "price": 950000, "image": "products/creatine2.webp", "description": "Hiệu quả vượt trội cho cơ bắp và năng lượng! 🏋️\r\n\r\nCreatine Monohydrate Creapure là lựa chọn hàng đầu giúp tăng khối lượng cơ, hỗ trợ năng lượng cho tập luyện cường độ cao và cải thiện khả năng phục hồi sau tập luyện. Sản phẩm phù hợp cho cả người mới bắt đầu và vận động viên chuyên nghiệp muốn nâng cao hiệu quả tập luyện.\r\nTăng cơ, hỗ trợ năng lượng và phục hồi nhanh chóng ⚡\r\n\r\n- Hỗ trợ tăng khối lượng cơ và sức mạnh\r\n\r\n- Tăng năng lượng, cải thiện hiệu suất tập luyện\r\n\r\n- Giúp phục hồi cơ bắp nhanh hơn sau tập\r\n\r\n- Phù hợp với nhiều mục tiêu: tăng cơ, giảm mỡ, nâng cao sức bền\r\n\r\n\r\n\r\nDễ sử dụng và tiện lợi 🥤\r\n\r\n- Dạng bột dễ pha với nước hoặc đồ uống lạnh\r\n\r\n- Mỗi lần dùng chỉ cần pha 1 muỗng với nước, có thể dùng trước, sau tập hoặc bất cứ thời điểm nào trong ngày\r\n\r\n- Sử dụng lâu dài mang lại hiệu quả rõ rệt\r\n\r\n\r\n\r\nLưu ý khi sử dụng ⚠️\r\n\r\n- Không dùng cho người dưới 18 tuổi\r\n\r\n- Không dùng chung với nước ép có tính axit như chanh, bưởi\r\n\r\n- Đọc kỹ hướng dẫn trước khi sử dụng"}}, {"model": "store.product", "pk": 7, "fields": {"name": "Ostrovit Creatine Monohydrate", "category": "CREATINE", "price": 630000, "image": "products/creatine3.webp", "description": "☑️Giới thiệu Ostrovit Creatine Monohydrate\r\n\r\nOstroVit Creatine Monohydrate là sản phẩm bổ sung creatine monohydrate với mức độ vi mô hóa tuyệt vời. Creatine là một chất bổ sung được biết đến và sử dụng rộng rãi. Hiệu quả của nó đã được xác nhận bởi nhiều nghiên cứu khoa học. Nó cung cấp sự phát triển cơ bắp tốt hơn, tái tạo hiệu quả và năng lượng để tập luyện lâu hơn, hiệu quả hơn.\r\n\r\nCreatine là một hợp chất hóa học hữu cơ xuất hiện tự nhiên trong cơ thể con người. Nó thường được cung cấp cùng với các sản phẩm từ thịt động vật, trứng hoặc cá. Tác dụng có lợi của nó dựa trên một cơ chế đơn giản giải phóng năng lượng dưới dạng các phân tử năng lượng cao ATP (adenosine triphosphate) thông qua sự phân hủy phosphocreatine trong cơ. Mặc dù thực tế là creatine cũng có trong thực phẩm, nhưng cách duy nhất để giúp cơ bắp của chúng ta bão hòa 100% với creatine là bổ sung nó liên tục.\r\n\r\n\r\n\r\n☑️Lợi ích của việc sử dụng Ostrovit Creatine Monohydrate\r\n\r\nCreatine monohydrate chắc chắn là một chất bổ sung cực kỳ hiệu quả và an toàn cho các vận động viên cũng như người tập luyện thể hình. Nó có một số đặc tính có giá trị không chỉ cải thiện hoạt động của cơ mà còn chứng minh hoạt động bảo vệ của não hoặc cơ tim.\r\n\r\nDưới đây là danh sách một số lợi ích của việc bổ sung creatine:\r\n\r\n- Nhiều phân tích tổng hợp chứng minh rằng việc sử dụng nó giúp tăng cường sức mạnh và sự rèn luyện sức bền.\r\n\r\n- Bằng cách tăng lượng phosphocreatine trong cơ, nó làm tăng dự trữ tiềm năng năng lượng của chúng ta.\r\n\r\n- Bằng cách giữ nước trong các tế bào cơ, nó tạo ra môi trường đồng hóa hoàn hảo giúp cơ bắp lớn hơn.\r\n\r\n- Có thể cải thiện hiệu quả sức khỏe và sự hài lòng tổng thể thông qua hành động trực tiếp trên não.\r\n\r\n- Các nghiên cứu đã chỉ ra rằng những người tiêu thụ creatine có được mức tăng cao hơn ở dạng mô cơ nạc so với những người không sử dụng nó\r\n\r\n- Tham gia tích cực vào quá trình tổng hợp glycogen\r\n\r\n\r\n\r\n☑️HƯỚNG DẪN SỬ DỤNG\r\n\r\n- Sử dung 1 muỗng mỗi ngày, pha cùng 250ml nước.\r\n\r\n- Có thể uống vào bất cứ thời điểm nào trong ngày.\r\n\r\n- Có thể mix chung với thức uống của bạn như whey protein, pre-workout, hoặc BCAA tùy thích.\r\n\r\n\r\n\r\n▶️Chú ý:\r\n\r\n- Sản phẩm này là thực phẩm bổ sung, không phải thuốc chữa bệnh, không dùng để thế thuốc chữa bệnh.\r\n\r\n- Sản phẩm này được đăng ký tại Cục Vệ sinh an toàn thực phẩm trực thuộc Bộ Y tế và đã được kiểm tra tại Chi cục hải quan Thành Phố Hồ Chí Minh cũng như xét nghiệm các chỉ tiêu sức khỏe tại các công ty giám định chất lượng được cho phép của Bộ Y Tế Việt Nam."}}, {"model": "store.product", "pk": 8, "fields": {"name": "Dầu cá Healthy Care Úc bổ sung Omega", "category": "HEALTH", "price": 680000, "image": "products/omega1.webp", "description": "🌟 Lợi ích nổi bật của Dầu cá Healthy Care Úc 🌟  \r\n\r\nOmega-3 trong dầu cá Healthy Care Úc là lựa chọn lý tưởng để hỗ trợ sức khỏe toàn diện! Sản phẩm giúp tăng cường trí não, bảo vệ tim mạch, duy trì cholesterol ổn định và hỗ trợ chức năng mắt khỏe mạnh. Ngoài ra, dầu cá còn giúp giảm các triệu chứng viêm khớp, sưng khớp và hỗ trợ làn da khỏe mạnh.\r\n\r\n\r\n\r\n💧 Đối tượng phù hợp 💧  \r\n\r\n- Trẻ nhỏ: Bổ sung DHA và EPA cho sự phát triển thị lực, trí não và hệ miễn dịch.  \r\n\r\n- Người lớn: Hỗ trợ sức khỏe tim mạch, trí não và làn da.  \r\n\r\n- Người lớn tuổi: Hỗ trợ duy trì trí nhớ và mắt sáng khỏe.  \r\n\r\n- Người mắc các vấn đề về xương khớp hoặc viêm da.\r\n\r\n\r\n\r\n🍽️ Hướng dẫn sử dụng 🍽️  \r\n\r\n- Người lớn: Uống mỗi lần 1 viên, 3 lần mỗi ngày, hoặc theo chỉ dẫn của bác sĩ.  \r\n\r\n- Trẻ em từ 6 - 12 tuổi: Có thể uống 1 đến 2 viên mỗi ngày.  \r\n\r\n- Trẻ em dưới 6 tuổi: Nên dùng theo hướng dẫn của bác sĩ.  \r\n\r\n- Người bị viêm khớp: Có thể dùng tối đa 4 viên mỗi ngày, chia ra các lần uống sau bữa ăn.\r\n\r\n\r\n\r\n⚠️ Lưu ý quan trọng ⚠️  \r\n\r\nSản phẩm không phải là thuốc và không thay thế thuốc chữa bệnh. Để đạt hiệu quả tốt nhất, nên sử dụng đều đặn theo hướng dẫn.\r\n\r\n\r\n\r\nDầu cá Healthy Care Úc – đồng hành cùng bạn trên hành trình chăm sóc sức khỏe mỗi ngày!"}}, {"model": "store.product", "pk": 9, "fields": {"name": "THANH BÁNH PROTEIN 32 BAR BIOX(3 THANH)", "category": "HEALTH", "price": 363636, "image": "products/bar1.webp", "description": "Thanh Bánh Protein 32 Bar BioX có hàm lượng Protein cao, hương vị thơm ngon và chất lượng hoàn toàn lành mạnh.\r\n\r\nKhông giống các loại bánh khác trên thị trường, Thanh Bánh Protein 32 Bar BioX được nghiên cứu và sản xuất với công thức độc quyền của BioX. Không sử dụng các loại đường nhân tạo hoặc các chất tạo ngọt công nghiệp, mang đến hương vị thơm ngon tự nhiên với vị ngọt vừa phải, kết cấu hoàn hảo từ chất bánh giòn tan.\r\n\r\n\r\n\r\nMỗi thanh cung cấp 32g Protein kèm theo đó là hàm lượng lớn chất Xơ, tốt cho hệ tiêu hóa và khả năng hấp thụ nhanh. Thanh bánh nhỏ gọn, tiện lợi, có thể mang theo bất cứ đâu.\r\n\r\n\r\n\r\nĐáp ứng được mọi nhu cầu, từ một món ăn vặt để thỏa mãn cơn thèm ngọt trong lúc siết cân, ăn kiêng hay để thay thế bữa ăn chính, bữa ăn phụ đều được. Đây chính là nguồn cung cấp năng lượng hoàn hảo trước mỗi buổi tập hoặc những lúc bạn không có thời gian.\r\n\r\n\r\n\r\nGói nhỏ tiện lợi dễ dàng mang theo bên người, có 3 hương vị thơm ngon: Fudge Brownie; Peanut Crunch; Cookies & Cream."}}, {"model": "store.product", "pk": 10, "fields": {"name": "BioX Power Whey Isolate", "category": "WHEY", "price": 2700000, "image": "products/whey3.webp", "description": "Đặc điểm nổi bật của sữa tăng cơ Power Whey Isolate BioX\r\n\r\nPower Whey Isolate BioX có thành phần là 100% Whey Isolate nguyên chất, không có chất độn được sản xuất bằng quy trình lọc tiên tiến nhất, trải qua ba lần lọc ở nhiệt độ thấp để đảm bảo được các hợp chất sinh học hữu cơ có trong axit amin được nguyên vẹn không bị mất đi khi phân tách. Quy trình độc quyền này nhằm giúp cho protein trở nên tinh khiết nhất để cơ thể có thể hấp thu tối đa hàm lượng protein trong mỗi lần dùng. Ngoài ra, sản phẩm hầu như không chứa lactose, chất béo và Carbohydrate.\r\n\r\n\r\n\r\nKhông chỉ sở hữu bảng thành phần tiêu chuẩn và hàm lượng protein tinh khiết cao để xây dựng và phát triển cơ bắp hiệu quả, mà Power Whey Isolate BioX còn hỗ trợ các men vi sinh (powerzyme) thân thiện cho hệ tiêu hóa của bạn giúp cho việc nạp protein được hấp thu dễ dàng và nhanh chóng hơn.\r\n\r\n\r\n\r\nCó 07 hương vị thơm ngon bổ dưỡng, mùi vị hoàn toàn tự nhiên chắc chắn sẽ chinh phục bạn ngay từ lần thử đầu tiên.\r\n\r\n\r\n\r\nHướng dẫn sử dụng:\r\n\r\n– Pha một muỗng 35g Whey Isolate BioX với 300ml đến 350ml nước lạnh hoặc nước trái cây, sau đó lắc đều với shaker cho đến khi bột tan hết và thưởng thức. Có thể dùng ngay hoặc cho đá lạnh vào uống cùng sẽ ngon hơn.\r\n\r\n\r\n\r\n– Bạn nên uống vào buổi sáng sau khi thức dậy, uống ngay sau khi tập và trước khi đi ngủ.\r\n\r\n\r\n\r\n– Tốt nhất nên uống từ 02 đến 03 lần trong một ngày để có hiệu quả tối đa. Dùng một ly có thể thay thế cho bữa ăn phụ và dùng được cho người đang ăn kiêng.\r\n\r\n\r\n\r\n\"Sản phẩm này không phải là thuốc và không thể thay thế thuốc chữa bệnh\""}}, {"model": "store.product", "pk": 11, "fields": {"name": "Optimum Nutrition Gold Whey Standard", "category": "WHEY", "price": 3250000, "image": "products/whey4.webp", "description": "Điểm nổi bật: \r\n\r\n- Cao protein hỗ trợ xây dựng cơ bắp hiệu quả\r\n\r\n- Dễ tiêu hóa, phù hợp cho mọi đối tượng\r\n\r\n- Nhiều hương vị lựa chọn theo sở thích\r\n\r\n\r\n\r\nChi tiết sản phẩm: \r\n\r\nSữa bột Optimum Nutrition Gold Whey 100% là nguồn cung cấp protein chất lượng cao, giúp hỗ trợ quá trình xây dựng và phục hồi cơ bắp. Với công thức Whey Isolate và Whey Concentrate, sản phẩm dễ tiêu hóa và phù hợp cho cả người tập gym và những ai quan tâm đến sức khỏe.\r\n\r\n\r\n\r\nHướng dẫn sử dụng: \r\n\r\nPha 1 muỗng bột với 300-400ml nước lạnh, sữa hoặc đồ uống khác, khuấy đều và uống sau khi tập luyện hoặc thay thế bữa ăn nhẹ."}}, {"model": "store.product", "pk": 12, "fields": {"name": "Perfect Diesel Whey Protein Isolate", "category": "WHEY", "price": 2000000, "image": "products/whey5.webp", "description": "1. THÔNG TIN PERFECT DIESEL WHEY ISOLATE - BIỂU TƯỢNG CHO CHẤT LƯỢNG VƯỢT TRỘI\r\n\r\n\r\n\r\nDiesel Whey cung cấp cho bạn 100% Whey Isolate hấp thụ nhanh. Điểm khiến nó trở nên khác biệt so với những sản phẩm protein khác trên thị trường đó là công thức hoàn toàn tự nhiên, tinh khiết và nguồn nguyên liệu vượt trội đến từ bò ăn cỏ được chăn nuôi tại New Zealand.\r\n\r\n \r\n\r\nChất lượng, độ tinh khiết và hương vị là những yếu tố khiến Diesel Whey Isolate  trở thành là một trong những biểu tượng của dòng Whey Isolate mà bạn nhất định phải thử qua. \r\n\r\n \r\n\r\n“Diesel is everything a protein should be!” - Diesel có tất cả những gì mà một sản phẩm bổ sung protein cần phải có.\r\n\r\n \r\n\r\nDiesel Whey Isolate được sản xuất bởi Perfect Sport - thương hiệu thực phẩm bổ sung nổi tiếng đến từ Canada được thành lập từ năm 2003, chuyên cung cấp các sản phẩm dành cho vận động viên, người tập gym, chơi thể thao. Diesel New Zealand Whey Isolate chính là sản phẩm đã làm nên tên tuổi cho hãng.\r\n\r\n\r\n\r\n2. ƯU ĐIỂM NỔI BẬT CỦA DIESEL WHEY ISOLATE NEW ZEALAND \r\n\r\n\r\n\r\n✅ Công nghệ CFM tiên tiến mang lại tỷ lệ protein cực cao (90%)\r\n\r\n✅ Hàm lượng axit amin cao, được công bố cụ thể\r\n\r\n✅ Hương vị tự nhiên, thơm ngon, rất dễ uống\r\n\r\n\r\n\r\nNguồn protein trong sản phẩm này đến từ sữa bò New Zealand. Đây là một hòn đảo nằm ở Tây Nam Thái Bình Dương. Nhiệt độ ôn hòa, đất đai màu mỡ, lượng mưa dồi dào và 2.000 giờ nắng trung bình hàng năm đã tạo điều kiện phát triển lý tưởng cho cỏ. Điều này cho phép các loại gia súc như bò sữa sinh trưởng cực tốt nhờ được chăn thả quanh năm trên các bãi cỏ xanh tươi.\r\n\r\n \r\n\r\nBên cạnh đó, luật pháp tại New Zealand cấm hoàn toàn việc sử dụng thuốc trừ sâu, thuốc bảo vệ thực vật, các loại hormone tăng trưởng cho bò. Điều này giúp cho chất lượng sữa bò của New Zealand được đảm bảo 100% tự nhiên, khác biệt hoàn toàn với các loại sữa bò công nghiệp khác trên thị trường."}}, {"model": "store.product", "pk": 13, "fields": {"name": "BCAA + GLUTAMINE XPRESS", "category": "EAA", "price": 820000, "image": "products/bcaa1.webp", "description": "SẢN PHẨM PHỤC HỒI VÀ PHÁT TRIỂN CƠ\r\n\r\n2IN1, BCAA+Glutamine Xpress vừa tiết kiệm, vừa hiệu quả\r\n\r\n✔️5g Bcaa tỉ lệ 2:1:1 hỗ trợ tăng tốc độ phục hồi, tăng tổng hợp Pritein cho cơ bắp\r\n\r\n✔️5g L-Glutamine (thành phần chiếm 60% cơ bắp), tham gia vào quá trình đồng hóa cơ, ngăn chặn sự phá hủy Protein, làm tăng nồng độ hooc-môn tăng trưởng HGH và phục hồi chấn thương cơ bắp.\r\n\r\n✔️300mg Taurine: duy trì cân bằng nước và điện giải, chống oxy hoá, tăng hiệu suất tập\r\n\r\n\r\n\r\n- Hộp 600g: 50 lần dùng / Hộp 300g: 25 lần dùng\r\n\r\n\r\n\r\n- Hương vị: Lime (chanh)\r\n\r\n- Cách dùng: Pha 12g (1 muỗng đầy) với 600ml nước, sử dụng trong tập. Ngon hơn khi uống lạnh\r\n\r\n*Sản phẩm này không phải là thuốc và không có tác dụng thay thế thuốc chữa bệnh"}}, {"model": "store.product", "pk": 14, "fields": {"name": "Ostrovit VIT&MIN FORTE", "category": "HEALTH", "price": 363636, "image": "products/vit1.webp", "description": "1. GIỚI THIỆU SẢN PHẨM:\t\t\t\t\t\t\r\n\r\n- OstroVit Vit&Min Forte: Đây là viên uống bao gồm nhiều vitamin và khoáng chất, thiết kế để cân bằng và cung cấp các dưỡng chất cần thiết cho cơ thể.\t\t\t\t\t\t\r\n\r\n- Vitamin và Khoáng Chất: Những thành phần quan trọng này giúp duy trì sức khỏe, tăng cường sức đề kháng, hỗ trợ chuyển hóa năng lượng và phát triển tế bào.\t\t\t\t\t\t\r\n\r\n- Đối tượng khuyến nghị: Phù hợp với mọi người ở mọi lứa tuổi, nhất là những người có lịch trình bận rộn, thiếu ngủ, hay thường xuyên tập luyện.\t\t\t\t\t\t\r\n\r\n\t\t\t\t\t\t\r\n\r\n2. CÔNG DỤNG:\t\t\t\t\t\t\r\n\r\n- Hỗ Trợ Sức Khỏe Toàn Diện: Bổ sung dưỡng chất thiết yếu, giảm cảm giác mệt mỏi.\t\t\t\t\t\t\r\n\r\n- Nâng Cao Năng Lượng: Hỗ trợ chuyển hóa, mang lại năng lượng cho cả ngày.\t\t\t\t\t\t\r\n\r\n- Phục Hồi & Tái Tạo Tế Bào: Giúp tái tạo tế bào, da sáng và tóc mềm mượt.\t\t\t\t\t\t\r\n\r\n- Bảo Vệ Xương & Răng: Cung cấp canxi và các khoáng chất khác, giúp xương và răng chắc khỏe.\t\t\t\t\t\t\r\n\r\n\t\t\t\t\t\t\r\n\r\n3. HƯỚNG DẪN SỬ DỤNG:\t\t\t\t\t\t\r\n\r\n- Uống 2 viên mỗi ngày, trước bữa sáng\t\t\t\t\t\t\r\n\r\n\t\t\t\t\t\t\t\t\t\t\t\t\r\n\r\n***Sản phẩm được sản xuất tại Ba Lan theo tiêu chuẩn và kiểm định của liên minh châu Âu EU. \r\n\r\n***Hạn sử dụng: 1-2 năm. \r\n\r\n***Lưu ý đặc biệt: Sản phẩm này không phải là thuốc & không có tác dụng thay thế thuốc chữa bệnh."}}, {"model": "store.product", "pk": 15, "fields": {"name": "NutraBio Micronized Creatine", "category": "CREATINE", "price": 636363, "image": "products/creatine4.webp", "description": "1. THÔNG TIN SẢN PHẨM BỘT TĂNG SỨC MẠNH NUTRABIO CREATINE\r\n\r\n\r\n\r\nPharmaPure™ Creatine Monohydrate của NutraBio là một dạng Creatine cao cấp siêu tinh khiết, được sản xuất dưới tiêu chuẩn nghiêm ngặt tương đương dược phẩm và đã được cấp bằng sáng chế. Điều này đảm bảo bạn nhận được một sản phẩm với chất lượng vượt trội và độ an toàn tối ưu.\r\n\r\n\r\n\r\nVới NutraBio Creatine Monohydrate Powder, sản phẩm bạn đang sử dụng là một trong những dòng creatine tinh khiết nhất, được kiểm nghiệm độc lập và đáp ứng tiêu chuẩn dược phẩm khắt khe hàng đầu tại Hoa Kỳ.\r\n\r\n\r\n\r\n✓ Không chứa Gluten\r\n\r\n✓ Không GMO \r\n\r\n✓ Không chứa thịt hoặc sản phẩm từ động vật, thân thiện với người ăn chay\r\n\r\n✓ Không chứa Lactose\r\n\r\n✓ Được chứng nhận Kosher bởi Liên đoàn Chính thống giáo.\r\n\r\n✓ Được chứng nhận Halal bởi Hội đồng Thực phẩm và Dinh dưỡng Hồi giáo Hoa Kỳ (IFANCA).\r\n\r\n✓ Được sản xuất tại cơ sở đã đăng ký và kiểm định bởi FDA, đáp ứng các quy định c-GMP theo tiêu chuẩn 21 CFR Phần 111 của FDA \r\n\r\n✓ Công bố đầy đủ thông tin về thành phần và hàm lượng trên nhãn\r\n\r\n✓ Hoàn toàn không có chất độn, tá dược và phụ gia hóa học.\r\n\r\n✓ Không có BSE/TSE\r\n\r\n✓ ĐẶC BIỆT, mỗi lô sản phẩm NutraBio đều được gửi đến một phòng thí nghiệm độc lập của bên thứ ba để kiểm tra. Và bạn hoàn toàn có thể truy cập vào để xem kết quả kiểm nghiệm đó!"}}, {"model": "store.product", "pk": 16, "fields": {"name": "Pre workout ABE", "category": "PRE", "price": 999999, "image": "products/pre1.webp", "description": "ABE Pre Workout của Applied Nutrition là sản phẩm tăng cường năng lượng và sức mạnh, hỗ trợ tập luyện hiệu quả.\r\n\r\n\r\n\r\nThông tin sản phẩm\r\n\r\n- Số lần dùng: 30\r\n\r\n- Dạng: Bột\r\n\r\n- Hãng sản xuất: Applied Nutrition\r\n\r\n- Xuất xứ: Vương quốc Anh\r\n\r\n\r\n\r\nĐặc trưng\r\n\r\n- Tăng cường năng lượng và sức bền\r\n\r\n- Hỗ trợ tập trung và hiệu suất\r\n\r\n\r\n\r\nHướng dẫn sử dụng\r\n\r\n- Pha 1 muỗng với 200-250ml nước, dùng trước khi tập luyện khoảng 20-30 phút.\r\n\r\n\r\n\r\nLưu ý\r\n\r\n- Tham khảo ý kiến bác sĩ nếu có tình trạng sức khỏe đặc biệt.\r\n\r\n- Không dùng quá liều khuyến cáo.\r\n\r\n- Bảo quản nơi khô ráo, thoáng mát."}}, {"model": "store.product", "pk": 17, "fields": {"name": "Dark Devil Pre Workout", "category": "PRE", "price": 1270000, "image": "products/pre2.webp", "description": "1.)Thông Tin Sản Phẩm : \r\n\r\nThương hiệu: Znutrition.\r\n\r\nXuất xứ: Mỹ.\r\n\r\nServing Size: 30 lần dùng.\r\n\r\nThành phần: 8.5g Citrulline, 4.5g Beta-Alanine, 300mg Alpha-GPC.\r\n\r\nMức độ: Cao.\r\n\r\nPre-workout Dark Devil đang được rất nhiều bạn gymer quan tâm gần đây. Sản phẩm đang được so sánh ngang hàng với các vị vua trong làng pre workout như Outlift, Total War, Hemorage, và Black Enrage. Với hàm lượng đơn chất bùng nổ sức mạnh cực nhiều trong một lần dùng, sản phẩm tạo cho bạn cảm giác hưng phấn khi tập và càng tập thì càng dai sức. Sản phẩm giúp bạn trải nghiệm cảm giác tập mà không biết mệt, tập đến khi \"gục ngã\".\r\n\r\nDark Devil là sản phẩm chủ lực đến từ nhà Znutrition, đây cũng là một thương hiệu mới đến từ Mỹ, tuy còn khá non trẻ nhưng sản phẩm của Znutrition đã nhanh chóng chiếm được nhiều tình cảm của khách hàng nhờ chất lượng tốt mà giá thành lại rất cạnh tranh.\r\n\r\n\r\n\r\n2.)Công Dụng Sản Phẩm : \r\n\r\nTăng sức mạnh, sức bền trong tập luyện.\r\n\r\nTỉnh táo, tập trung đánh tan cảm giác mệt mỏi, buồn ngủ.\r\n\r\nTạo hiệu ứng râm ran cơ thể giúp kích thích việc tập luyện trở nên trơn tru hơn.\r\n\r\nGiúp pump cơ, căng phồng cơ bắp trong quá trình tập luyện.\r\n\r\nTăng cường khả năng trao đổi chất.\r\n\r\nNgoài việc sử dụng sản phẩm với mục đích tập luyện thì bạn cũng có thể sử dụng với nhiều mục đích khác từ khả năng giúp cơ thể tỉnh táo tập trung như: lái xe, làm việc vào sáng sớm hoặc cũng có thể phục vụ cho việc \"chăn gối\" rất hiệu quả.\r\n\r\n\r\n\r\n3.)Hướng Dẫn Sử Dụng Tối Ưu Nhất : \r\n\r\nLiều dùng dành cho người mới bắt đầu:\r\n\r\n- Đối với nam: sử dụng 1/2 muỗng pha với 200-250ml nước lọc uống trước buổi tập luyện từ 10-15 phút.\r\n\r\n- Đối với nữ: sử dụng 1/3 - 1/2 muỗng pha với 200-250ml nước lọc uống trước buổi tập luyện từ 10-15 phút.\r\n\r\n\r\n\r\nLiều dùng dành cho người đã sử dụng lâu năm:\r\n\r\n- Đối với nam: tăng liều dùng lên 1 muỗng pha với 200-250ml nước lọc uống trước buổi tập luyện từ 10-15 phút.\r\n\r\n- Đối với nữ: sử dụng 2/3 muỗng pha với 200-250ml nước lọc uống trước buổi tập luyện từ 10-15 phút.\r\n\r\n\r\n\r\n- Lưu ý: sử dụng cách giờ đi ngủ ban đêm từ 4 tiếng để tránh ảnh hưởng tới giấc ngủ.\r\n\r\n- Lời khuyên: sử dụng đối với các buổi tập nhóm cơ lớn như lưng hoặc chân, ngoài ra hãy sử dụng đối với những ngày thật sự cần khi có cảm giác mệt mỏi không muốn tập. Để tránh việc lỗi sản phẩm khi sử dụng thường xuyên.\r\n\r\n\r\n\r\n *Lưu ý : Sản phẩm này không phải là thuốc và không có tác dụng thay thế thuốc chữa bệnh\"."}}, {"model": "store.product", "pk": 18, "fields": {"name": "Lon abe pre workout  330ml", "category": "PRE", "price": 60000, "image": "products/pre3.webp", "description": "Lon abe pre workout vị energy Applied Nutrition 330ml – Nước Tăng Lực Thể Thao UK\r\n\r\n\r\n\r\nABE Pre‑Workout Energy là dòng nước uống tăng năng lượng trước tập đến từ thương hiệu Applied Nutrition – Anh Quốc. Sản phẩm được thiết kế dành riêng cho những người bận rộn nhưng vẫn muốn giữ phong độ thể lực, tinh thần tỉnh táo và hiệu suất tập luyện cao mỗi ngày.\r\n\r\n\r\n\r\nVới công thức cân bằng giữa caffeine tự nhiên, amino acid và vitamin nhóm B, ABE Energy giúp bạn nhanh chóng lấy lại sự tỉnh táo, sẵn sàng bước vào buổi tập hoặc một ngày làm việc cường độ cao.\r\n\r\n\r\n\r\nƯU ĐIỂM NỔI BẬT\r\n\r\n- Giúp cơ thể tỉnh táo nhanh, giảm cảm giác uể oải, mệt mỏi\r\n\r\n- Hỗ trợ duy trì sự tập trung và hiệu suất vận động\r\n\r\n- Dạng lon tiện lợi – uống liền, không cần pha\r\n\r\n- Hương vị Energy dễ uống, không gắt\r\n\r\n- Nhập khẩu chính hãng từ Anh, tem phụ đầy đủ\r\n\r\n\r\n\r\nTÌNH HUỐNG SỬ DỤNG THỰC TẾ\r\n\r\n- Trước khi tập gym, yoga, chạy bộ, boxing\r\n\r\n- Trước buổi họp dài hoặc ngày làm việc căng thẳng\r\n\r\n- Khi bạn cần một cú “đánh thức” tinh thần nhanh nhưng vẫn muốn kiểm soát chế độ dinh dưỡng\r\n\r\n\r\n\r\nCÔNG DỤNG SẢN PHẨM\r\n\r\n- Hỗ trợ tăng sự tỉnh táo và tập trung\r\n\r\n- Hỗ trợ duy trì năng lượng trong quá trình vận động\r\n\r\n- Hỗ trợ cải thiện hiệu suất luyện tập\r\n\r\n\r\n\r\nTHÔNG SỐ QUAN TRỌNG\r\n\r\n- Thương hiệu: Applied Nutrition\r\n\r\n- Dung tích: 330ml\r\n\r\n- Xuất xứ: Anh Quốc\r\n\r\n- Dạng: Nước uống sẵn\r\n\r\n- NSX & HSD: Xem trên bao bì\r\n\r\n\r\n\r\nĐỐI TƯỢNG SỬ DỤNG\r\n\r\n- Nam và nữ từ 18 tuổi trở lên\r\n\r\n- Người tập luyện thể thao, gym, fitness\r\n\r\n\r\n\r\nHƯỚNG DẪN SỬ DỤNG\r\n\r\n- Uống 1 lon trước khi tập hoặc khi cần tăng tỉnh táo\r\n\r\n- Không dùng quá 1 lon mỗi ngày\r\n\r\n\r\n\r\nCHÚ Ý\r\n\r\n- Không sử dụng cho người mẫn cảm với caffeine hoặc bất kỳ thành phần nào của sản phẩm\r\n\r\n- Không khuyến nghị cho phụ nữ có thai và cho con bú\r\n\r\n- Sản phẩm này không phải là thuốc và không có tác dụng thay thế thuốc chữa bệnh\r\n\r\n- Đọc kỹ hướng dẫn sử dụng trước khi dùng"}}, {"model": "store.product", "pk": 19, "fields": {"name": "Dây Mini Band Kháng Lực", "category": "ACCESSORIES", "price": 75000, "image": "products/day1.webp", "description": "Dây Mini Band Dây Cao Su Kháng Lực Tập Chân Mông Đùi Dây Tập Gym 5 Cấp Độ Cao Su Đàn Hồi Chất Liệu Cao Cấp\r\n\r\n\r\n\r\nĐẶC ĐIỂM NỔI BẬT CỦA DÂY KHÁNG LỰC MINIBAND:\r\n\r\n\r\n\r\n- Dây kháng lực là phụ kiện luyện tập cực kì thông dụng với những người tập CrossFit, Yoga, Pilates,…\r\n\r\n\r\n\r\n- Loại dây tốt nhất cho việc tập và cải thiện size mông, hạn chế tối đa tác dụng đùi gây hiện tượng \"đùi to mà mông vẫn lép\"\r\n\r\n\r\n\r\n- Giúp cảm nhận cơ mông tốt hơn, cải thiện form tập an toàn, hiệu quả nhất trước khi bước vào tập tạ.\r\n\r\n\r\n\r\n- Cực tiện lợi và hiệu quả đối với những người bận rộn không có thời gian, điều kiện tới phòng tập. Bạn có thể tập tại văn phòng, tại nhà, tại bất cứ đâu bạn muốn. Đặc biệt đối với những người đi du lịch xa cần duy trì tập luyện.\r\n\r\n\r\n\r\n- Hỗ trợ tập luyện tốt nhất cho người mắc các bệnh cơ, xương, khớp không thể tập tạ hoặc những người bị chấn thương đang trong thời gian tập luyện phục hồi.\r\n\r\n\r\n\r\n- Hỗ trợ đắc lực trong các buổi Cardio giảm mỡ, đưa hiệu quả buổi cardio lên cao hơn nhiều so vs việc chạy máy thông thường.\r\n\r\n\r\n\r\nBỘ DÂY KHÁNG LỰC MINIBAND 5 MÀU BAO GỒM:\r\n\r\n\r\n\r\nBộ 5 dây tặng kèm túi đựng:\r\n\r\n\r\n\r\n+ Màu xanh lá: 0,35mm (3 kg)\r\n\r\n\r\n\r\n+ Màu xanh dương: 0,5mm (5 kg)\r\n\r\n\r\n\r\n+ Màu vàng: 0,7mm (9 kg)\r\n\r\n\r\n\r\n+ Màu đỏ: 0,9mm (13,6 kg )\r\n\r\n\r\n\r\n+ Màu đen: 1,1mm (18 kg )\r\n\r\n\r\n\r\nPHÂN LOẠI SẢN PHẨM:\r\n\r\n\r\n\r\nChất liệu TPE thông thường\r\n\r\n\r\n\r\nChất liệu sẽ quyết định độ bền của sản phẩm, các thông số khác về kích thước và lực căng dây không thay đổi\r\n\r\n\r\n\r\nHƯỚNG DẪN BẢO QUẢN:\r\n\r\n\r\n\r\nSau các buổi tập anh chị muốn vệ sinh sản phẩm chỉ cần cần dùng khăn ướt lau qua. Hạn chế dùng các chất tẩy rửa như xà phòng,…\r\n\r\n\r\n\r\nLƯU Ý KHI SỬ DỤNG:\r\n\r\n\r\n\r\n- Dây kháng lực màu Xanh lá, màu Xanh dương mỏng nhẹ phù hợp với các bài tập nhẹ, tập tay hoặc tập chân dành cho người tập phục hồi chức năng. Các bài tập khác anh chị nên chọn các dây có độ kháng lực lớn hơn."}}, {"model": "store.product", "pk": 20, "fields": {"name": "Găng Tay Tập GYM NINE STUDY", "category": "ACCESSORIES", "price": 150000, "image": "products/strap1.webp", "description": "- Sản phẩm kết hợp 2 trong 1 giữa Găng tay và Dây kéo lưng\r\n\r\n- Sản phẩm chuyên dụng cho các bạn tập gym, tập thể hình, xà đơn\r\n\r\n- Hỗ trợ Deadlift, lên xà, nâng tạ - Trợ lực bàn tay và chống chai tay hiệu quả\r\n\r\n- Các bài tập có thể sửdụng sản phẩm: Bài tập hít xà đơn - Bài tập tay - Bài tập Dead-lift - Bài kéo xô..\r\n✦ Bảo vệ tay bạn khỏi chấn thương, chống chai tay khi tập với tạ. Cầm tạ chắc tay hơn.\r\n\r\n✦ Phần cuốn cổ tay có tác dụng cố định cho tay, đồng thời giúp bảo vệ cho phần cổ tay của bạn trong quá trình tập luyện\r\n✦Phần đệm bàn tay được thiết kế dày dặn, bám dính tốt, giúp bạn vừa giảm thiểu chai tay, vừa hỗ trợ giảm áp lực của tạ lên bàn tay khi thực hiện các bài tập nặng"}}, {"model": "store.product", "pk": 21, "fields": {"name": "Dụng Cụ Hít Đất Parallettes Gỗ Thông", "category": "ACCESSORIES", "price": 63000, "image": "products/para1.webp", "description": "Dụng Cụ Hít Đất, Parallettes Gỗ Thông, Chống Đẩy, Tập Cơ Ngực, Planche, Handstand, Calisthenics, Gym & Yoga Tại Nhà\r\n\r\n\r\n\r\nTHÔNG TIN SẢN PHẨM: Dụng Cụ Hít Đất, Parallettes Gỗ Thông, Chống Đẩy, Tập Cơ Ngực, Planche, Handstand, Calisthenics, Gym & Yoga Tại Nhà\r\n\r\n\r\n\r\n- Parallettes gỗ thông là dụng cụ tập luyện đa năng, hỗ trợ nhiều bài tập như hít đất, chống đẩy, planche, handstand, L-sit... giúp tăng cường sức mạnh cơ ngực, vai, tay và core. Thiết kế chắc chắn, bền bỉ từ gỗ thông tự nhiên, chịu lực tốt, phù hợp cho cả người mới bắt đầu và vận động viên Calisthenics.\r\n\r\n\r\n\r\nTHÔNG TIN CHI TIẾT: Dụng Cụ Hít Đất, Parallettes Gỗ Thông, Chống Đẩy, Tập Cơ Ngực, Planche, Handstand, Calisthenics, Gym & Yoga Tại Nhà\r\n\r\n\r\n\r\nKích thước sản phẩm:\r\n\r\n* Dài 26\r\n\r\n* Phi tay cầm 30cm chắc chắn\r\n\r\n* Cao 9cm\r\n\r\n* Dày đế 3cm.\r\n\r\n- Chất liệu: Gỗ thông tự nhiên, gia công tỉ mỉ, bề mặt nhẵn mịn, an toàn khi tập luyện.\r\n\r\n- Thiết kế tối ưu: Tay cầm vừa vặn, độ cao hợp lý, giúp giảm áp lực cổ tay khi chống đẩy.\r\n\r\n- Đa năng: Luyện tập hít đất, chống đẩy, planche, handstand, tập cơ bụng, cơ ngực, cơ vai.\r\n\r\n- Phù hợp cho: Calisthenics, Street Workout, Gym, Yoga, Pilates.\r\n\r\n- Gọn nhẹ, dễ di chuyển, có thể tập luyện tại nhà hoặc mang theo khi đi xa.\r\n\r\n\r\n\r\nLợi ích khi sử dụng parallettes:\r\n\r\n- Phát triển sức mạnh toàn thân.\r\n\r\n- Hỗ trợ luyện tập kỹ thuật nâng cao như handstand, planche.\r\n\r\n- Giúp cải thiện sự cân bằng, dẻo dai và sức bền.\r\n\r\n- Tăng cường cơ bắp, đốt mỡ hiệu quả.\r\n\r\n\r\n\r\nHướng dẫn sử dụng: Dụng Cụ Hít Đất, Parallettes Gỗ Thông, Chống Đẩy, Tập Cơ Ngực, Planche, Handstand, Calisthenics, Gym & Yoga Tại Nhà\r\n\r\n\r\n\r\n- Đặt parallettes trên mặt phẳng chắc chắn.\r\n\r\n- Lựa chọn bài tập phù hợp: hít đất, chống đẩy, L-sit, planche, handstand.\r\n\r\n- Khởi động trước khi tập, tăng dần cường độ theo khả năng.\r\n\r\n\r\n\r\nBảo quản sản phẩm:\r\n\r\n\r\n\r\n- Tránh tiếp xúc trực tiếp với nước để giữ độ bền của gỗ.\r\n\r\n- Lau khô bằng khăn sạch sau khi tập.\r\n\r\n- Bảo quản nơi khô ráo, thoáng mát."}}, {"model": "store.product", "pk": 22, "fields": {"name": "Đai quấn cổ tay tập Gym Aolikes cao cấp", "category": "ACCESSORIES", "price": 80000, "image": "products/ct2.webp", "description": "1. CÔNG DỤNG Đai quấn bảo hộ cổ tay chính hãng Aolikes cao cấp\r\n✦ Tác dụng trợ lực, làm vững chắc khớp xương, giảm đau vùng cổ tay.\r\n\r\n✦ Phòng ngừa chấn thương, lệch, gãy xương trong các bài tập thể lực, đẩy tạ nặng\r\n\r\n✦ Giúp người dùng nâng cao tự tin trong nhiều bài tập. Nhất là trong các bài tập đẩy ngực, gập tay.\r\n\r\n✦ Sử dụng băng quấn cổ tay sẽ giúp cố định cổ tay thẳng, đúng khớp nên giảm được những đau đớn và khó chịu ở cổ tay.\r\n2. THÔNG TIN CHI TIẾT\r\n\r\nMẫu Quấn cổ tay chính hãng Aolikes cao cấp\r\n\r\n✦ Màu sắc: Đỏ/ Xanh/ Cam\r\n\r\n✦ Chất liệu: Vải co giãn + Polyester\r\n\r\n✦ Chiều dài: 60cm  Chiều rộng: 8cm\r\nCHÍNH SÁCH BÁN HÀNG.\r\n\r\n************ Tại sao lên mua hàng tại gymanhduong***********\r\n\r\n✦ Nhà phân phối sản phẩm thể thao tốt nhất \r\n\r\n✦ Đơn vị đối tác của nhiều đơn vị thể thao aolikes, valeo, boer, sport…….. \r\n\r\n✦ Chính sách 1 Đổi 1 trong 1 trong 7 ngày cho sản phẩm lỗi. \r\n\r\n✦ Giá thành cạnh tranh phù hợp với mọi nhu cầu khách hàng. \r\n\r\n✦ Hỗ trợ đổi sản phẩm cho KH đối với sản phẩm chọn nhầm size.\r\n\r\n✦ SỈ LẺ TOÀN QUỐC"}}, {"model": "store.product", "pk": 23, "fields": {"name": "Đai lưng da bảo vệ cột sống", "category": "ACCESSORIES", "price": 700000, "image": "products/dai1.webp", "description": "Giá bán tính trên 1 cái đai lưng\r\n\r\nCó 2 phiên bản màu sắc: Đen đỏ và đen\r\n\r\n---------------------------------------\r\n\r\nĐai lưng da tập gym là phụ kiện hỗ trợ bảo vệ cột sống, tăng áp lực ổ bụng và ổn định cơ thể khi nâng tạ nặng như Squat, Deadlift. Đai lưng da có cấu tạo từ chất liệu da bền bỉ, khóa kim loại chắc chắn để tạo cảm giác thoải mái và an toàn khi siết chặt vòng eo.\r\n\r\n\r\n\r\nThông số kỹ thuật sản phẩm:\r\n\r\n* Chất liệu da Mirofiber có đầy đủ đặc tính giống như da thật nhưng khắc phục điểm yếu dễ bị mốc khi tiếp xúc môi trường không khí ẩm đặc biệt khi ra mồ hôi trong lúc tập luyện, độ bền tử 3 đến 5 năm\r\n\r\n* Khóa hợp kim nhôm.\r\n\r\n* Độ dày 10mm.\r\n\r\n* Bản rộng 10cm.\r\n\r\n\r\n\r\nChiều dài đai tùy kích cỡ:\r\n\r\n* Size: S chiều dài đai 90cm phù hợp vòng eo 60-80cm.\r\n\r\n* Size: M chiều dài đai 100cm phù hợp vòng eo 70- 90cm.\r\n\r\n* Size: L chiều dài đai 110cm phù hợp vòng eo 80- 100cm.\r\n\r\nCách thức đo: vòng thước dây quanh bụng khu vực trước rốn.\r\n\r\n\r\n\r\n- Hỗ trợ đổi trả khi sản phẩm nhận về bị lỗi.\r\n\r\n- Không hỗ trợ bảo hành, thay đổi phụ kiện.\r\n\r\n\r\n\r\nCông dụng của đai lưng da tập gym:\r\n\r\n+ Bảo vệ cột sống:Giúp phân tán áp lực và giảm tải cho vùng lưng dưới, phòng ngừa chấn thương khi nâng tạ nặng.\r\n\r\n+Tăng áp lực ổ bụng: Giúp bạn gồng cơ bụng tốt hơn, từ đó gia tăng sức mạnh và sự ổn định cho cơ thể.\r\n\r\n+ Tăng sự tự tin: Giúp bạn tự tin hơn để tập luyện ở cường độ cao.\r\n\r\n+ Cải thiện thăng bằng: Hỗ trợ giữ thẳng lưng và cải thiện khả năng giữ thăng bằng trong các bài tập.\r\n\r\n+ Nhắc nhở co cơ: Giúp bạn học cách gồng cơ cốt lõi đúng kỹ thuật, tránh cong hoặc gù lưng.\r\n\r\n\r\n\r\nĐặc điểm nổi bật:\r\n\r\n+ Chất liệu: được làm da Micròiber cao cấp, đảm bảo độ bền bỉ và thẩm mỹ.\r\n\r\n+ Khóa kim loại: Sử dụng khóa thép chắc chắn, có thể có khóa kim loại đôi, giúp cố định đai an toàn và dễ dàng điều chỉnh.\r\n\r\n+Thiết kế: bản rộng, bao quanh vùng lưng và hông, với nhiều lỗ cài để bạn điều chỉnh độ chặt phù hợp với vòng eo của mình.\r\n\r\n\r\n\r\nCách sử dụng:\r\n\r\n+ Đeo đúng cách: Đeo đai vào vùng thắt lưng, siết chặt sao cho bạn có thể nhét vừa một bàn tay vào giữa đai và cơ thể. Không nên đeo quá lỏng hoặc quá chặt.\r\n\r\n+ Khi nào cần dùng: Nên sử dụng khi thực hiện các bài tập nặng có tác động lên lưng và cơ trọng tâm, như Squat, Deadlift, hoặc Overhead Press."}}, {"model": "store.product", "pk": 24, "fields": {"name": "Bộ tạ đa năng", "category": "ACCESSORIES", "price": 363636, "image": "products/ta.webp", "description": "Thông số sản phẩm:\r\n\r\nThể hình ồn ào quá\r\n\r\nTrọng lượng: 20 kg (2Kgx4, 1.5kgx4, 1.25Kgx4)\r\n\r\nTrọng lượng: 30kg (2, 5kg * 4, 2KG * 4, 1,5kg * 4, 1,25kg * 4)\r\n\r\nTrọng lượng: 40kg (1.25kgx4, 2.5KG * 4, 3KG * 4)\r\n\r\nTất cả các trọng lượng đi kèm với phụ kiện: dây nối ngắn * 2, 40cm * 1, Nut * 4.\r\n\r\n\r\n\r\nNó cũng làm tăng sự tiện lợi của môn cử tạ. Tên đần độn và Barbell đó đã lên đường!\r\n\r\nBộ Dumbbell -30kg được trang bị một barbell, có thể được chọn từ các trọng lượng khác nhau khi cần thiết.\r\n\r\nTổng cộng là 30kg, Dumbbell thực hiện các bài tập barbell\r\n\r\nDumbbell và Barbell đã sẵn sàng\r\n\r\nGiúp làm mạnh các cơ bắp trên cánh tay...... để chụp 1 tấm hình đẹp, trông đẹp đấy\r\n\r\nKhả năng điều chỉnh tư thế cử động ở nhiều dạng\r\n\r\nGiúp làm cháy chất béo dư thừa trong cơ thể và kích thích tuần hoàn máu\r\n\r\nVà nhịp tim làm bạn cảm thấy khoan khoái và tràn đầy năng lượng.\r\n\r\nCấu trúc chắc chắn làm từ vật liệu chất lượng cao là dễ dàng tháo rời và sử dụng.\r\n\r\nPhù hợp với tất cả các loại gia đình và nhà cửa."}}, {"model": "store.product", "pk": 25, "fields": {"name": "Xà Đơn, Xà Kép Treo Tường Đa Năng", "category": "ACCESSORIES", "price": 949000, "image": "products/xa1.webp", "description": "Rèn Luyện Sức Khỏe và Thể Chất với Xà Đơn, Xà Kép Treo Tường Đa Năng INFIT Basic\r\n\r\n\r\n\r\nThương hiệu: INFIT\r\n\r\n\r\n\r\nTHÔNG TIN SẢN PHẨM\r\n\r\n\r\n\r\n✔️  Xà Đơn, Xà Kép Treo Tường Đa Năng INFIT Basic không chỉ là một công cụ tập luyện, mà còn là một đối tác tuyệt vời cho việc xây dựng và duy trì phong cách sống lành mạnh. Với nhiều tính năng tuyệt vời:\r\n\r\n\r\n\r\n- Tập xà đơn để đào sâu vào việc phát triển cơ bắp và tăng sức mạnh trên toàn bộ cơ thể.\r\n\r\n- Tập xà kép để định hình và củng cố các cơ bắp tay và ngực một cách hiệu quả.\r\n\r\n- Tập bụng để giữ vóc dáng cân đối và có một lớp mỡ bụng săn chắc.\r\n\r\n- Treo bao cát boxing để rèn luyện sức mạnh và kỹ thuật võ thuật mà không cần phải rời khỏi nhà.\r\n\r\n- Phù hợp với mọi lứa tuổi: xà đơn, xà kép treo tường đa năng INFIT đảm bảo an toàn và hiệu quả cho cả gia đình, từ trẻ em đến người cao tuổi.\r\n\r\n\r\n\r\n✔️  ƯU ĐIỂM NỔI BẬT\r\n\r\n\r\n\r\n- Thiết kế thông minh và linh hoạt: Dễ dàng lắp đặt và tháo rời, phù hợp với mọi không gian sống mà không gây bất kỳ phiền toái nào.\r\n\r\n- Đa năng và tiết kiệm không gian: Tích hợp nhiều chức năng trong một sản phẩm, giúp bạn tiết kiệm không gian và chi phí mà vẫn đạt được mục tiêu tập luyện của mình.\r\n\r\n- An toàn và tin cậy: Được thiết kế với các tiêu chuẩn an toàn cao nhất, mang lại sự yên tâm tuyệt đối cho người sử dụng.\r\n\r\n\r\n\r\n✔️  CHẤT LIỆU SẢN PHẨM\r\n\r\n\r\n\r\n- Thép Hòa Phát vững chắc: Xà Kép Treo Tường Đa Năng INFIT Basic được làm từ thép Hòa Phát chất lượng cao, đảm bảo độ bền lâu dài và sức mạnh vượt trội.\r\n\r\n- Tải trọng lớn: Chịu được trọng lượng lên đến hơn 200kg, đảm bảo sự ổn định và an toàn tối đa cho người tập luyện.\r\n\r\n- Móc treo và vít siêu chịu lực: Móc treo dày 5mm và vít dài 7cm giúp sản phẩm chịu được tải trọng lớn mà vẫn đảm bảo sự ổn định.\r\n\r\n- Gắn được trên mọi loại tường: Xà đơn đa năng gắn được trên tường gạch lỗ, tường 10, bê tông, v.v.\r\n\r\n- Sơn tĩnh điện chất lượng cao: Mang lại vẻ đẹp thẩm mỹ và độ bền cao, chống bong tróc hiệu quả.\r\n\r\n\r\n\r\n✔️  Hướng Dẫn Sử Dụng:\r\n\r\n- Lắp đặt dễ dàng: Theo hướng dẫn kèm theo, với chiều cao phù hợp với lứa tuổi và mục tiêu tập luyện của bạn.\r\n\r\n- Bắt đầu tập luyện: Bắt đầu với các bài tập cơ bản và tăng dần cường độ để đạt hiệu quả tối đa với Xà Kép Treo Tường Đa Năng INFIT Basic\r\n\r\n\r\n\r\n✔️  Sản Phẩm 100% giống mô tả: Giao hàng nhanh chóng và chính xác, đảm bảo bạn nhận được sản phẩm chất lượng nhất.\r\n\r\n- Hỗ trợ khách hàng tận tình: Đội ngũ tư vấn của chúng tôi luôn sẵn lòng giúp đỡ bạn trước và sau khi mua sản phẩm.\r\n\r\n\r\n\r\nINFIT - Fitness For Everyone là thương hiệu uy tín trong ngành sản xuất đồ tập thể thao tại Việt Nam, cung cấp đa dạng sản phẩm xà đơn đa năng phù hợp với nhu cầu chăm sóc sức khỏe của cá nhân và gia đình. INFIT hướng tới mục tiêu mang lại sức khỏe toàn diện và hạnh phúc cho mọi nhà."}}, {"model": "store.product", "pk": 26, "fields": {"name": "THANH GẬY LÒ XO", "category": "ACCESSORIES", "price": 120000, "image": "products/glx1.webp", "description": "THANH GẬY TẬP TAY LÒ XO 20KG,30KG,40KG,50KG,60KG– TĂNG CƠ BẮP TAY, VAI, NGỰC\r\n\r\n\r\n\r\n✅ ƯU ĐIỂM NỔI BẬT\r\n\r\n✔ Lò xo thép carbon đàn hồi cao – chống gỉ sét – bền bỉ theo thời gian\r\n\r\n✔ Tay cầm chống trượt – có đệm cao su giúp cầm êm tay, không bị trượt khi ra mồ hôi\r\n\r\n✔ Nhiều mức kháng lực: 20kg / 30kg / 40kg / 50kg / 60kg – phù hợp người mới bắt đầu đến tập nặng\r\n\r\n✔ Tập toàn thân: bắp tay trước, tay sau, vai, ngực – hỗ trợ đốt mỡ, tăng cơ\r\n\r\n✔ Nhỏ gọn – dễ mang theo – không chiếm diện tích như máy tập\r\n\r\n\r\n\r\n📌 THÔNG TIN SẢN PHẨM\r\n\r\n- Thương hiệu: Yasu\r\n\r\n- Tên sản phẩm: Gậy lò xo tập tay – gậy bẻ tập gym\r\n\r\n- Chất liệu: Thép hợp kim đàn hồi + cao su non bọc tay cầm\r\n\r\n- Chiều dài: ~55cm\r\n\r\n- Mức kháng lực: 20kg / 30kg / 40kg / 50kg / 60kg\r\n\r\n- Màu sắc: Đen\r\n\r\n\r\n\r\n🎯 PHÙ HỢP CHO\r\n\r\n✅ Người mới bắt đầu tập gym, người cần phục hồi cơ tay\r\n\r\n✅ Người không có thời gian đến phòng gym, cần tập tại nhà\r\n\r\n✅ Người lớn tuổi muốn rèn luyện sức mạnh tay – vai\r\n\r\n✅ Gymer cần bổ trợ nhóm cơ trên (tay – vai – ngực)\r\n\r\n✅ Người làm văn phòng – cần tập thể dục nhanh 10-15 phút mỗi ngày\r\n\r\n\r\n\r\n🧠 LỢI ÍCH KHI TẬP VỚI GẬY LÒ XO YASU\r\n\r\n💪 Tăng cơ tay – vai – ngực nhanh chóng\r\n\r\n🔥 Đốt calo hiệu quả, hỗ trợ giảm mỡ phần thân trên\r\n\r\n🧘 Giúp thư giãn cơ, tăng tuần hoàn máu khi ngồi lâu một chỗ\r\n\r\n🏋️ Tập nhẹ nhàng, không cần máy móc – không cần huấn luyện viên\r\n\r\n🎯 Rèn luyện thói quen tập luyện đều đặn tại nhà hoặc văn phòng"}}, {"model": "store.product", "pk": 27, "fields": {"name": "Kìm Bóp Tay ZATA PROMAX", "category": "ACCESSORIES", "price": 79000, "image": "products/kim1.webp", "description": "Kìm Bóp Tay, Dụng Cụ Tập Gym Tại Nhà Điều Chỉnh Lực  Có Đếm 10-100kg chữ D Zata Vn - KBTPRM\r\n\r\nKìm Tập Tay ZATA PROMAX Kìm Bóp Tập Cơ Tay Điều Chỉnh Lực 10-100kg có số đếm chữ D Zata Vn - KBTPRM\r\n\r\n\r\n\r\nKìm bóp tay điều chỉnh lực là dụng cụ tập cơ tay giúp hỗ trợ đắc lực cho việc tập cơ bàn tay và ngón tay, phòng chống các bệnh xương khớp, đặc biệt thích hợp cho người tập võ, tập thể lực hoặc cho nhân viên văn phòng muốn luyện tập cơ tay do gõ bàn phím nhiều.\r\n\r\nSản phẩm có thể sử dụng đơn giản, thiết kế nhỏ gọn dễ dàng mang theo, có thể luyện tập mọi nơi, mọi lúc.\r\n\r\n\r\n\r\n***Thông tin chi tiết sản phẩm kìm bóp tay Bản Điện Tử 04:\r\n- Lõi bằng thép, phần ngoài của tay cầm bọc nhựa cao cấp chống trơn trượt, thấm mồ hôi và lò xo có độ đàn hồi lớn\r\n\r\n- Núm điều chỉnh lực bóp từ 10-100kg và 5-60kg\r\n\r\n- Kích thước : \r\n\r\n+ Kìm Đếm Số Điện Tử lực từ 10-100kg: 16x14.5cm \r\n\r\n+ Kìm đếm số lực từ 5-60kg: 16 x 12cm\r\nKìm Tập Tay ZATA PROMAX Kìm Bóp Tập Cơ Tay Điều Chỉnh Lực 10-100kg có số đếm chữ D Zata Vn - KBTPRM\r\n\r\n- Luyện tập: \r\n\r\n+ Tập cơ bàn tay , ngón tay\r\n\r\n+ Lò xo tăng chỉnh giúp người tập lựa chọn cân nặng phù hợp\r\n\r\n+ Thiết kế nhỏ gọn , có thể mang đi chơi hoặc đi du lịch\r\n\r\n- Ưu điểm:\r\n\r\n+ Kìm Điện Tử 04 có đa dạng cách tập luyện hơn\r\n\r\n+ Reset về 0 chỉ bằng 1 lần ấn nút\r\n\r\n+ Cầm đầm tay, thuận lợi hơn trong quá trình tập luyện\r\n\r\n+ Tay cầm làm bằng nhựa PP độ bền cơ học cao, tránh tình trạng vỡ nứt\r\n\r\n\r\n\r\n***Tác dụng:\r\n\r\n- Tăng sức mạnh cho tay:\r\n\r\nsẽ giúp bạn giữ tạ trong thời gian lâu hơn khi tham gia tập thể hình; tăng sức mạnh vung vợt lên đáng kể khi chơi cầu lông, Tennis; giúp ích khi tập luyện thể dục dụng cụ hoặc tập leo núi,...\r\n\r\n- Tăng độ bền cho đôi tay:\r\n\r\ntừ đó tăng khả năng cầm nắm cho đôi tay của bạn. Chẳng hạn, bạn sẽ xách được vali hay túi nặng với trọng lượng lớn hơn và đi được quãng đường dài hơn so với lúc chưa tập. Bạn sẽ tăng được sức chịu đựng của đôi tay và sẽ không dễ dàng bị khuất phục trước sự mệt mỏi để mang chúng đi khắp nơi.\r\n\r\n- Tăng cơ bắp cho cẳng tay:\r\n\r\nTheo nhiều huấn luyện viên thể hình, nếu muốn cổ tay ấn tượng hơn và to hơn người khác thì bạn nên tập luyện với kìm bóp tay thường xuyên.\r\n\r\n- Cải thiện khéo léo đôi tay:\r\n\r\nKìm bóp tay sẽ hoạt động để rèn luyện cho các ngón tay của bạn một cách độc lập, từ đó cải thiện được sự khéo léo cho đôi tay. \r\n\r\n- Tác dụng cho sức khỏe:\r\n\r\ngiúp tuần hoàn máu, giúp giảm stress hiệu quả và đồng thời giúp tăng cường sức khỏe,..."}}, {"model": "store.productimage", "pk": 1, "fields": {"product": 1, "image": "products/gallery/wheyrule13.webp"}}, {"model": "store.productimage", "pk": 2, "fields": {"product": 1, "image": "products/gallery/wheyrule1.webp"}}, {"model": "store.productimage", "pk": 3, "fields": {"product": 1, "image": "products/gallery/wheyrule12_ImeEmmb.webp"}}, {"model": "store.productimage", "pk": 4, "fields": {"product": 1, "image": "products/gallery/wheyrule11.webp"}}, {"model": "store.productimage", "pk": 6, "fields": {"product": 2, "image": "product_gallery/creatine11.webp"}}, {"model": "store.productimage", "pk": 7, "fields": {"product": 2, "image": "product_gallery/creatine12.webp"}}, {"model": "store.productimage", "pk": 8, "fields": {"product": 2, "image": "product_gallery/creatine13.webp"}}, {"model": "store.productimage", "pk": 9, "fields": {"product": 3, "image": "product_gallery/zinc11_kY8KQGi.jpg"}}, {"model": "store.productimage", "pk": 10, "fields": {"product": 3, "image": "product_gallery/zinc12.jpg"}}, {"model": "store.productimage", "pk": 11, "fields": {"product": 3, "image": "product_gallery/zinc13.jpg"}}, {"model": "store.productimage", "pk": 12, "fields": {"product": 3, "image": "product_gallery/zinc14.png"}}, {"model": "store.productimage", "pk": 13, "fields": {"product": 4, "image": "product_gallery/eaa3.webp"}}, {"model": "store.productimage", "pk": 14, "fields": {"product": 4, "image": "product_gallery/eaa4.webp"}}, {"model": "store.productimage", "pk": 15, "fields": {"product": 5, "image": "product_gallery/whey21.webp"}}, {"model": "store.productimage", "pk": 16, "fields": {"product": 5, "image": "product_gallery/whey22.webp"}}, {"model": "store.productimage", "pk": 17, "fields": {"product": 5, "image": "product_gallery/whey23.webp"}}, {"model": "store.productimage", "pk": 18, "fields": {"product": 5, "image": "product_gallery/whey24.webp"}}, {"model": "store.productimage", "pk": 19, "fields": {"product": 5, "image": "product_gallery/whey25.webp"}}, {"model": "store.productimage", "pk": 20, "fields": {"product": 6, "image": "product_gallery/creatine21.webp"}}, {"model": "store.productimage", "pk": 21, "fields": {"product": 6, "image": "product_gallery/creatine22.webp"}}, {"model": "store.productimage", "pk": 22, "fields": {"product": 6, "image": "product_gallery/creatine23.webp"}}, {"model": "store.productimage", "pk": 23, "fields": {"product": 7, "image": "product_gallery/creatine31.webp"}}, {"model": "store.productimage", "pk": 24, "fields": {"product": 7, "image": "product_gallery/creatine33.webp"}}, {"model": "store.productimage", "pk": 25, "fields": {"product": 7, "image": "product_gallery/creatine34.webp"}}, {"model": "store.productimage", "pk": 26, "fields": {"product": 8, "image": "product_gallery/omega12.webp"}}, {"model": "store.productimage", "pk": 27, "fields": {"product": 8, "image": "product_gallery/omega13.webp"}}, {"model": "store.productimage", "pk": 28, "fields": {"product": 8, "image": "product_gallery/omega14.webp"}}, {"model": "store.productimage", "pk": 29, "fields": {"product": 8, "image": "product_gallery/omega15.webp"}}, {"model": "store.productimage", "pk": 30, "fields": {"product": 9, "image": "product_gallery/bar1.webp"}}, {"model": "store.productimage", "pk": 31, "fields": {"product": 9, "image": "product_gallery/bar11.webp"}}, {"model": "store.productimage", "pk": 32, "fields": {"product": 10, "image": "product_gallery/whey31.webp"}}, {"model": "store.productimage", "pk": 33, "fields": {"product": 10, "image": "product_gallery/whey32.webp"}}, {"model": "store.productimage", "pk": 34, "fields": {"product": 10, "image": "product_gallery/whey33.webp"}}, {"model": "store.productimage", "pk": 35, "fields": {"product": 10, "image": "product_gallery/whey34.webp"}}, {"model": "store.productimage", "pk": 36, "fields": {"product": 11, "image": "product_gallery/whey41.webp"}}, {"model": "store.productimage", "pk": 37, "fields": {"product": 11, "image": "product_gallery/whey42.webp"}}, {"model": "store.productimage", "pk": 38, "fields": {"product": 11, "image": "product_gallery/whey43.webp"}}, {"model": "store.productimage", "pk": 39, "fields": {"product": 11, "image": "product_gallery/whey44.webp"}}, {"model": "store.productimage", "pk": 40, "fields": {"product": 11, "image": "product_gallery/whey45.webp"}}, {"model": "store.productimage", "pk": 41, "fields": {"product": 11, "image": "product_gallery/whey46.webp"}}, {"model": "store.productimage", "pk": 42, "fields": {"product": 11, "image": "product_gallery/whey47.webp"}}, {"model": "store.productimage", "pk": 43, "fields": {"product": 12, "image": "product_gallery/whey51.webp"}}, {"model": "store.productimage", "pk": 44, "fields": {"product": 12, "image": "product_gallery/whey52.webp"}}, {"model": "store.productimage", "pk": 45, "fields": {"product": 12, "image": "product_gallery/whey53.webp"}}, {"model": "store.productimage", "pk": 46, "fields": {"product": 12, "image": "product_gallery/whey54.webp"}}, {"model": "store.productimage", "pk": 47, "fields": {"product": 12, "image": "product_gallery/whey55.webp"}}, {"model": "store.productimage", "pk": 48, "fields": {"product": 13, "image": "product_gallery/bcaa11.webp"}}, {"model": "store.productimage", "pk": 49, "fields": {"product": 13, "image": "product_gallery/bcaa12.webp"}}, {"model": "store.productimage", "pk": 50, "fields": {"product": 13, "image": "product_gallery/bcaa13.webp"}}, {"model": "store.productimage", "pk": 51, "fields": {"product": 13, "image": "product_gallery/bcaa14.webp"}}, {"model": "store.productimage", "pk": 52, "fields": {"product": 14, "image": "product_gallery/vit11.webp"}}, {"model": "store.productimage", "pk": 53, "fields": {"product": 14, "image": "product_gallery/vit12.webp"}}, {"model": "store.productimage", "pk": 54, "fields": {"product": 15, "image": "product_gallery/creatine41.webp"}}, {"model": "store.productimage", "pk": 55, "fields": {"product": 15, "image": "product_gallery/creatine42.webp"}}, {"model": "store.productimage", "pk": 56, "fields": {"product": 15, "image": "product_gallery/creatine43.webp"}}, {"model": "store.productimage", "pk": 57, "fields": {"product": 15, "image": "product_gallery/creatine44.webp"}}, {"model": "store.productimage", "pk": 58, "fields": {"product": 15, "image": "product_gallery/creatine45.webp"}}, {"model": "store.productimage", "pk": 59, "fields": {"product": 15, "image": "product_gallery/creatine46.webp"}}, {"model": "store.productimage", "pk": 60, "fields": {"product": 16, "image": "product_gallery/pre11.webp"}}, {"model": "store.productimage", "pk": 61, "fields": {"product": 16, "image": "product_gallery/pre12.webp"}}, {"model": "store.productimage", "pk": 62, "fields": {"product": 16, "image": "product_gallery/pre13.webp"}}, {"model": "store.productimage", "pk": 63, "fields": {"product": 17, "image": "product_gallery/pre21.webp"}}, {"model": "store.productimage", "pk": 64, "fields": {"product": 17, "image": "product_gallery/pre22.webp"}}, {"model": "store.productimage", "pk": 65, "fields": {"product": 17, "image": "product_gallery/pre23.webp"}}, {"model": "store.productimage", "pk": 66, "fields": {"product": 17, "image": "product_gallery/pre24.webp"}}, {"model": "store.productimage", "pk": 67, "fields": {"product": 18, "image": "product_gallery/pre31.webp"}}, {"model": "store.productimage", "pk": 68, "fields": {"product": 18, "image": "product_gallery/pre32.webp"}}, {"model": "store.productimage", "pk": 69, "fields": {"product": 18, "image": "product_gallery/pre33.webp"}}, {"model": "store.productimage", "pk": 70, "fields": {"product": 18, "image": "product_gallery/pre34.webp"}}, {"model": "store.productimage", "pk": 71, "fields": {"product": 18, "image": "product_gallery/pre35.webp"}}, {"model": "store.productimage", "pk": 72, "fields": {"product": 18, "image": "product_gallery/pre36.webp"}}, {"model": "store.productimage", "pk": 73, "fields": {"product": 18, "image": "product_gallery/pre37.webp"}}, {"model": "store.productimage", "pk": 74, "fields": {"product": 19, "image": "product_gallery/day11.webp"}}, {"model": "store.productimage", "pk": 75, "fields": {"product": 19, "image": "product_gallery/day12.webp"}}, {"model": "store.productimage", "pk": 76, "fields": {"product": 19, "image": "product_gallery/day13.webp"}}, {"model": "store.productimage", "pk": 77, "fields": {"product": 19, "image": "product_gallery/day14.webp"}}, {"model": "store.productimage", "pk": 78, "fields": {"product": 20, "image": "product_gallery/strap11.webp"}}, {"model": "store.productimage", "pk": 79, "fields": {"product": 20, "image": "product_gallery/strap12.webp"}}, {"model": "store.productimage", "pk": 80, "fields": {"product": 20, "image": "product_gallery/strap13.webp"}}, {"model": "store.productimage", "pk": 81, "fields": {"product": 20, "image": "product_gallery/strap14.webp"}}, {"model": "store.productimage", "pk": 82, "fields": {"product": 20, "image": "product_gallery/strap15.webp"}}, {"model": "store.productimage", "pk": 83, "fields": {"product": 21, "image": "product_gallery/para11.webp"}}, {"model": "store.productimage", "pk": 84, "fields": {"product": 21, "image": "product_gallery/para12.webp"}}, {"model": "store.productimage", "pk": 85, "fields": {"product": 21, "image": "product_gallery/para13.webp"}}, {"model": "store.productimage", "pk": 86, "fields": {"product": 21, "image": "product_gallery/para14.webp"}}, {"model": "store.productimage", "pk": 87, "fields": {"product": 21, "image": "product_gallery/para15.webp"}}, {"model": "store.productimage", "pk": 88, "fields": {"product": 21, "image": "product_gallery/para16.webp"}}, {"model": "store.productimage", "pk": 89, "fields": {"product": 22, "image": "product_gallery/ct21.webp"}}, {"model": "store.productimage", "pk": 90, "fields": {"product": 22, "image": "product_gallery/ct22.webp"}}, {"model": "store.productimage", "pk": 91, "fields": {"product": 22, "image": "product_gallery/ct23.webp"}}, {"model": "store.productimage", "pk": 92, "fields": {"product": 22, "image": "product_gallery/ct24.webp"}}, {"model": "store.productimage", "pk": 93, "fields": {"product": 22, "image": "product_gallery/ct25.webp"}}, {"model": "store.productimage", "pk": 94, "fields": {"product": 22, "image": "product_gallery/ct26.webp"}}, {"model": "store.productimage", "pk": 95, "fields": {"product": 22, "image": "product_gallery/ct27.webp"}}, {"model": "store.productimage", "pk": 96, "fields": {"product": 23, "image": "product_gallery/dai11.webp"}}, {"model": "store.productimage", "pk": 97, "fields": {"product": 23, "image": "product_gallery/dai12.webp"}}, {"model": "store.productimage", "pk": 98, "fields": {"product": 23, "image": "product_gallery/dai13.webp"}}, {"model": "store.productimage", "pk": 99, "fields": {"product": 23, "image": "product_gallery/dai14.webp"}}, {"model": "store.productimage", "pk": 100, "fields": {"product": 23, "image": "product_gallery/dai15.webp"}}, {"model": "store.productimage", "pk": 101, "fields": {"product": 24, "image": "product_gallery/ta11.webp"}}, {"model": "store.productimage", "pk": 102, "fields": {"product": 24, "image": "product_gallery/ta12.webp"}}, {"model": "store.productimage", "pk": 103, "fields": {"product": 24, "image": "product_gallery/ta13.webp"}}, {"model": "store.productimage", "pk": 104, "fields": {"product": 24, "image": "product_gallery/ta14.webp"}}, {"model": "store.productimage", "pk": 105, "fields": {"product": 24, "image": "product_gallery/ta15.webp"}}, {"model": "store.productimage", "pk": 106, "fields": {"product": 24, "image": "product_gallery/ta16.webp"}}, {"model": "store.productimage", "pk": 107, "fields": {"product": 24, "image": "product_gallery/ta17.webp"}}, {"model": "store.productimage", "pk": 108, "fields": {"product": 25, "image": "product_gallery/xa11.webp"}}, {"model": "store.productimage", "pk": 109, "fields": {"product": 25, "image": "product_gallery/xa12.webp"}}, {"model": "store.productimage", "pk": 110, "fields": {"product": 25, "image": "product_gallery/xa13.webp"}}, {"model": "store.productimage", "pk": 111, "fields": {"product": 25, "image": "product_gallery/xa14.webp"}}, {"model": "store.productimage", "pk": 112, "fields": {"product": 25, "image": "product_gallery/xa15.webp"}}, {"model": "store.productimage", "pk": 113, "fields": {"product": 26, "image": "product_gallery/glx11.webp"}}, {"model": "store.productimage", "pk": 114, "fields": {"product": 26, "image": "product_gallery/glx12.webp"}}, {"model": "store.productimage", "pk": 115, "fields": {"product": 26, "image": "product_gallery/glx13.webp"}}, {"model": "store.productimage", "pk": 116, "fields": {"product": 26, "image": "product_gallery/glx14.webp"}}, {"model": "store.productimage", "pk": 117, "fields": {"product": 26, "image": "product_gallery/glx15.webp"}}, {"model": "store.productimage", "pk": 118, "fields": {"product": 27, "image": "product_gallery/kim2.webp"}}, {"model": "store.productimage", "pk": 119, "fields": {"product": 27, "image": "product_gallery/kim11.webp"}}, {"model": "store.productimage", "pk": 120, "fields": {"product": 27, "image": "product_gallery/kim12.webp"}}, {"model": "store.productimage", "pk": 121, "fields": {"product": 27, "image": "product_gallery/kim13.webp"}}, {"model": "store.productimage", "pk": 122, "fields": {"product": 27, "image": "product_gallery/kim14.webp"}}, {"model": "store.cart", "pk": 1, "fields": {"user": 3, "created_at": "2026-01-19T17:33:11.705Z"}}, {"model": "store.cart", "pk": 2, "fields": {"user": 1, "created_at": "2026-01-19T17:33:47.497Z"}}, {"model": "store.cart", "pk": 3, "fields": {"user": 2, "created_at": "2026-01-21T21:42:28.050Z"}}, {"model": "store.cartitem", "pk": 39, "fields": {"cart": 2, "product": 5, "quantity": 1}}, {"model": "store.order", "pk": 5, "fields": {"user": 1, "full_name": "Hoàng Quốc Cường", "email": "cuong.0972308862@gmail.com", "phone": "0912634507", "address": "37 bờ bao tân thắng (37/15/26)\r\nPhường Sơn Kỳ", "total_amount": 3300000, "payment_method": "COD", "status": "CANCELLED", "cancel_reason": "shiper hi sinh\r\n", "created_at": "2026-01-19T18:17:45.805Z"}}, {"model": "store.order", "pk": 6, "fields": {"user": 1, "full_name": "Hoàng Quốc Cường", "email": "cuong.0972308862@gmail.com", "phone": "0912634507", "address": "37 bờ bao tân thắng (37/15/26)\r\nPhường Sơn Kỳ", "total_amount": 4075000, "payment_method": "COD", "status": "CONFIRMED", "cancel_reason": "", "created_at": "2026-01-19T20:22:14.400Z"}}, {"model": "store.order", "pk": 7, "fields": {"user": 3, "full_name": "Hoàng Quốc Cường", "email": "cuong.0972308862@gmail.com", "phone": "0912634507", "address": "37 bờ bao tân thắng (37/15/26)\r\nPhường Sơn Kỳ", "total_amount": 1128636, "payment_method": "COD", "status": "CANCELLED", "cancel_reason": "đéo thích", "created_at": "2026-01-19T22:15:00.256Z"}}, {"model": "store.order", "pk": 8, "fields": {"user": 1, "full_name": "Hoàng Quốc Cường", "email": "cuong.0972308862@gmail.com", "phone": "0912634507", "address": "37 bờ bao tân thắng (37/15/26)\r\nPhường Sơn Kỳ", "total_amount": 60000, "payment_method": "BANK", "status": "SHIPPING", "cancel_reason": "", "created_at": "2026-01-21T20:52:21.336Z"}}, {"model": "store.order", "pk": 9, "fields": {"user": 1, "full_name": "Hoàng Quốc Cường", "email": "cuong.0972308862@gmail.com", "phone": "0912634507", "address": "37 bờ bao tân thắng (37/15/26)\r\nPhường Sơn Kỳ", "total_amount": 60000, "payment_method": "momo", "status": "PENDING", "cancel_reason": null, "created_at": "2026-01-21T21:12:52.535Z"}}, {"model": "store.order", "pk": 10, "fields": {"user": 1, "full_name": "Hoàng Quốc Cường", "email": "cuong.0972308862@gmail.com", "phone": "0912634507", "address": "37 bờ bao tân thắng (37/15/26)\r\nPhường Sơn Kỳ", "total_amount": 60000, "payment_method": "transfer", "status": "PENDING", "cancel_reason": null, "created_at": "2026-01-21T21:13:53.309Z"}}, {"model": "store.order", "pk": 11, "fields": {"user": 1, "full_name": "Hoàng Quốc Cường", "email": "cuong.0972308862@gmail.com", "phone": "0912634507", "address": "37 bờ bao tân thắng (37/15/26)\r\nPhường Sơn Kỳ", "total_amount": 79000, "payment_method": "transfer", "status": "CANCELLED", "cancel_reason": "scam", "created_at": "2026-01-21T21:16:32.954Z"}}, {"model": "store.order", "pk": 12, "fields": {"user": 1, "full_name": "Hoàng Quốc Cường", "email": "cuong.0972308862@gmail.com", "phone": "0912634507", "address": "37 bờ bao tân thắng (37/15/26)\r\nPhường Sơn Kỳ", "total_amount": 363636, "payment_method": "momo", "status": "CONFIRMED", "cancel_reason": "", "created_at": "2026-01-21T21:18:41.730Z"}}, {"model": "store.order", "pk": 13, "fields": {"user": 1, "full_name": "Hoàng Quốc Cường", "email": "cuong.0972308862@gmail.com", "phone": "0912634507", "address": "37 bờ bao tân thắng (37/15/26)\r\nPhường Sơn Kỳ", "total_amount": 60000, "payment_method": "transfer", "status": "COMPLETED", "cancel_reason": null, "created_at": "2026-01-21T21:39:43.317Z"}}, {"model": "store.order", "pk": 14, "fields": {"user": 2, "full_name": "123", "email": "abc@gmail.com", "phone": "0912634501", "address": "37 bờ bao tân thắng (37/15/26)\r\nPhường Sơn Kỳ", "total_amount": 60000, "payment_method": "cod", "status": "COMPLETED", "cancel_reason": null, "created_at": "2026-01-21T21:42:36.745Z"}}, {"model": "store.order", "pk": 15, "fields": {"user": 1, "full_name": "Hoàng Quốc Cường", "email": "cuong.0972308862@gmail.com", "phone": "0912634507", "address": "37 bờ bao tân thắng (37/15/26)\r\nPhường Sơn Kỳ", "total_amount": 3125000, "payment_method": "cod", "status": "COMPLETED", "cancel_reason": null, "created_at": "2026-01-21T21:54:13.751Z"}}, {"model": "store.order", "pk": 16, "fields": {"user": 1, "full_name": "Hoàng Quốc Cường", "email": "cuong.0972308862@gmail.com", "phone": "0912634507", "address": "37 bờ bao tân thắng (37/15/26)\r\nPhường Sơn Kỳ", "total_amount": 2000000, "payment_method": "cod", "status": "COMPLETED", "cancel_reason": null, "created_at": "2026-01-21T22:01:14.075Z"}}, {"model": "store.order", "pk": 17, "fields": {"user": 1, "full_name": "Hoàng Quốc Cường", "email": "cuong.0972308862@gmail.com", "phone": "0912634507", "address": "37 bờ bao tân thắng (37/15/26)\r\nPhường Sơn Kỳ", "total_amount": 950000, "payment_method": "cod", "status": "COMPLETED", "cancel_reason": null, "created_at": "2026-01-21T22:02:55.235Z"}}, {"model": "store.order", "pk": 18, "fields": {"user": 1, "full_name": "Hoàng Quốc Cường", "email": "cuong.0972308862@gmail.com", "phone": "0912634507", "address": "37 bờ bao tân thắng (37/15/26)\r\nPhường Sơn Kỳ", "total_amount": 1270000, "payment_method": "cod", "status": "COMPLETED", "cancel_reason": null, "created_at": "2026-01-21T22:08:39.410Z"}}, {"model": "store.order", "pk": 19, "fields": {"user": 1, "full_name": "Hoàng Quốc Cường", "email": "cuong.0972308862@gmail.com", "phone": "0912634507", "address": "37 bờ bao tân thắng (37/15/26)\r\nPhường Sơn Kỳ", "total_amount": 3125000, "payment_method": "cod", "status": "COMPLETED", "cancel_reason": null, "created_at": "2026-01-21T22:13:20.124Z"}}, {"model": "store.order", "pk": 20, "fields": {"user": 1, "full_name": "Hoàng Quốc Cường", "email": "cuong.0972308862@gmail.com", "phone": "0912634507", "address": "37 bờ bao tân thắng (37/15/26)\r\nPhường Sơn Kỳ", "total_amount": 1650000, "payment_method": "cod", "status": "COMPLETED", "cancel_reason": null, "created_at": "2026-01-21T22:16:39.130Z"}}, {"model": "store.order", "pk": 21, "fields": {"user": 1, "full_name": "Hoàng Quốc Cường", "email": "cuong.0972308862@gmail.com", "phone": "0912634507", "address": "37 bờ bao tân thắng (37/15/26)\r\nPhường Sơn Kỳ", "total_amount": 2470000, "payment_method": "transfer", "status": "SHIPPING", "cancel_reason": null, "created_at": "2026-01-23T08:54:03.278Z"}}, {"model": "store.order", "pk": 22, "fields": {"user": 1, "full_name": "Hoàng Quốc Cường", "email": "cuong.0972308862@gmail.com", "phone": "0912634507", "address": "37 bờ bao tân thắng (37/15/26)\r\nPhường Sơn Kỳ", "total_amount": 680000, "payment_method": "transfer", "status": "CANCELLED", "cancel_reason": "đéo nhận đc tiền", "created_at": "2026-03-20T07:53:35.320Z"}}, {"model": "store.orderitem", "pk": 5, "fields": {"order": 5, "product": 1, "quantity": 2, "price": 1650000}}, {"model": "store.orderitem", "pk": 6, "fields": {"order": 6, "product": 5, "quantity": 1, "price": 3125000}}, {"model": "store.orderitem", "pk": 7, "fields": {"order": 6, "product": 2, "quantity": 1, "price": 820000}}, {"model": "store.orderitem", "pk": 8, "fields": {"order": 6, "product": 3, "quantity": 1, "price": 130000}}, {"model": "store.orderitem", "pk": 9, "fields": {"order": 7, "product": 19, "quantity": 1, "price": 75000}}, {"model": "store.orderitem", "pk": 10, "fields": {"order": 7, "product": 7, "quantity": 1, "price": 630000}}, {"model": "store.orderitem", "pk": 11, "fields": {"order": 7, "product": 18, "quantity": 1, "price": 60000}}, {"model": "store.orderitem", "pk": 12, "fields": {"order": 7, "product": 9, "quantity": 1, "price": 363636}}, {"model": "store.orderitem", "pk": 13, "fields": {"order": 8, "product": 18, "quantity": 1, "price": 60000}}, {"model": "store.orderitem", "pk": 14, "fields": {"order": 9, "product": 18, "quantity": 1, "price": 60000}}, {"model": "store.orderitem", "pk": 15, "fields": {"order": 10, "product": 18, "quantity": 1, "price": 60000}}, {"model": "store.orderitem", "pk": 16, "fields": {"order": 11, "product": 27, "quantity": 1, "price": 79000}}, {"model": "store.orderitem", "pk": 17, "fields": {"order": 12, "product": 9, "quantity": 1, "price": 363636}}, {"model": "store.orderitem", "pk": 18, "fields": {"order": 13, "product": 18, "quantity": 1, "price": 60000}}, {"model": "store.orderitem", "pk": 19, "fields": {"order": 14, "product": 18, "quantity": 1, "price": 60000}}, {"model": "store.orderitem", "pk": 20, "fields": {"order": 15, "product": 5, "quantity": 1, "price": 3125000}}, {"model": "store.orderitem", "pk": 21, "fields": {"order": 16, "product": 12, "quantity": 1, "price": 2000000}}, {"model": "store.orderitem", "pk": 22, "fields": {"order": 17, "product": 6, "quantity": 1, "price": 950000}}, {"model": "store.orderitem", "pk": 23, "fields": {"order": 18, "product": 17, "quantity": 1, "price": 1270000}}, {"model": "store.orderitem", "pk": 24, "fields": {"order": 19, "product": 5, "quantity": 1, "price": 3125000}}, {"model": "store.orderitem", "pk": 25, "fields": {"order": 20, "product": 1, "quantity": 1, "price": 1650000}}, {"model": "store.orderitem", "pk": 26, "fields": {"order": 21, "product": 1, "quantity": 1, "price": 1650000}}, {"model": "store.orderitem", "pk": 27, "fields": {"order": 21, "product": 13, "quantity": 1, "price": 820000}}, {"model": "store.orderitem", "pk": 28, "fields": {"order": 22, "product": 8, "quantity": 1, "price": 680000}}, {"model": "store.exercise", "pk": 1, "fields": {"title": "Incline Dumbbell Chest Press", "video_file": "exercises/videos/incline1.mp4", "description": "Ghế: 30–45°\r\n\r\nTư thế: Ép bả vai, chân chắc, tạ ngang ngực trên\r\n\r\nĐẩy: Thở ra, đẩy lên hơi khép vào nhau, không khóa tay\r\n\r\nHạ: Hít vào, hạ chậm 2–3 giây\r\n\r\nSet/Reps: 3–4 hiệp × 8–12 reps\r\n\r\nLỗi tránh: Ghế quá cao, xòe tay rộng, thả tạ nhanh", "muscle_group": "CHEST", "created_at": "2026-01-21T15:34:48.556Z"}}, {"model": "store.exercise", "pk": 2, "fields": {"title": "Lat Pulldown", "video_file": "exercises/videos/lat1.mp4", "description": "Ghế: Điều chỉnh đệm đùi ép chắc\r\n\r\nTay cầm: Rộng hơn vai, lòng bàn tay hướng ra\r\n\r\nTư thế: Ngực ưỡn nhẹ, lưng thẳng, ép bả vai xuống\r\n\r\nKéo: Thở ra, kéo thanh về ngực trên (không kéo sau gáy)\r\n\r\nHạ: Hít vào, duỗi tay chậm 2–3 giây\r\n\r\nSet/Reps: 3–4 hiệp × 8–12 reps\r\n\r\nLỗi tránh: Đu người, kéo bằng tay, khom lưng", "muscle_group": "BACK", "created_at": "2026-01-21T20:12:34.315Z"}}, {"model": "store.exercise", "pk": 3, "fields": {"title": "Bench Press", "video_file": "exercises/videos/chest1.mp4", "description": "Nằm ghế: Mắt ngay dưới thanh đòn\r\n\r\nTay: Rộng hơn vai, cổ tay thẳng\r\n\r\nTư thế: Ép bả vai, chân đạp chắc sàn\r\n\r\nHạ: Hít vào, hạ thanh chạm ngực giữa\r\n\r\nĐẩy: Thở ra, đẩy lên thẳng, không khóa cứng tay\r\n\r\nSet/Reps: 3–4 hiệp × 6–10 reps\r\n\r\nLỗi tránh: Bật ngực, cong lưng quá, mở khuỷu tay quá rộng", "muscle_group": "CHEST", "created_at": "2026-01-21T20:15:32.161Z"}}, {"model": "store.exercise", "pk": 4, "fields": {"title": "Rear Delt Cable Fly(bay vai sau với cáp)", "video_file": "exercises/videos/vaisau1.mp4", "description": "Cáp: Đặt ròng rọc ngang tầm mắt (hoặc cao hơn chút)\r\n\r\nTư thế: Đứng hơi cúi, lưng thẳng, ép bả vai\r\n\r\nTay: Cầm chéo tay, khuỷu hơi cong\r\n\r\nKéo: Thở ra, mở tay sang ngang đến ngang vai\r\n\r\nHạ: Hít vào, về chậm 2–3 giây\r\n\r\nSet/Reps: 3–4 hiệp × 12–15 reps\r\n\r\nLỗi tránh: Giật tạ, co tay quá nhiều, ăn trap/đưa vai lên", "muscle_group": "SHOULDERS", "created_at": "2026-01-21T20:21:00.397Z"}}, {"model": "store.exercise", "pk": 5, "fields": {"title": "Bicep Curl", "video_file": "exercises/videos/bicep1.mp4", "description": "Tư thế: Đứng thẳng, siết core, khuỷu sát thân\r\n\r\nTay cầm: Lòng bàn tay hướng lên\r\n\r\nCuốn: Thở ra, cuốn tạ lên bằng cơ tay trước\r\n\r\nHạ: Hít vào, hạ chậm 2–3 giây\r\n\r\nSet/Reps: 3–4 hiệp × 8–12 reps\r\n\r\nLỗi tránh: Đung đưa người, nhấc khuỷu, thả tạ nhanh", "muscle_group": "BICEPS", "created_at": "2026-01-21T20:23:24.762Z"}}, {"model": "store.exercise", "pk": 6, "fields": {"title": "Tricep Pushdown Rope", "video_file": "exercises/videos/tricep1.mp4", "description": "Cáp: Ròng rọc cao, gắn dây rope\r\n\r\nTư thế: Đứng thẳng, hơi nghiêng, khuỷu sát thân\r\n\r\nĐẩy: Thở ra, đẩy xuống tách dây sang hai bên ở cuối\r\n\r\nHạ: Hít vào, lên chậm 2–3 giây\r\n\r\nSet/Reps: 3–4 hiệp × 10–15 reps\r\n\r\nLỗi tránh: Mở khuỷu, đung đưa người, dùng vai lưng", "muscle_group": "TRICEPS", "created_at": "2026-01-21T20:26:55.076Z"}}, {"model": "store.exercise", "pk": 7, "fields": {"title": "Cable Crunch", "video_file": "exercises/videos/abs1.mp4", "description": "Cáp: Ròng rọc cao, gắn rope\r\n\r\nTư thế: Quỳ gối, rope đặt sau đầu, cúi nhẹ lưng\r\n\r\nGập: Thở ra, cuộn người xuống bằng bụng (không kéo tay)\r\n\r\nHạ: Hít vào, về chậm 2–3 giây\r\n\r\nSet/Reps: 3–4 hiệp × 12–20 reps\r\n\r\nLỗi tránh: Kéo tay, lắc người, gập hông thay vì gập bụng", "muscle_group": "ABS", "created_at": "2026-01-21T20:30:28.403Z"}}, {"model": "store.exercise", "pk": 9, "fields": {"title": "Squat", "video_file": "exercises/videos/squat_JIT7X5D.mp4", "description": "Chân: Rộng bằng vai, mũi chân hơi chếch ra\r\n\r\nLưng: Thẳng, siết core, ngực mở\r\n\r\nXuống: Hít vào, đẩy mông ra sau, đùi song song sàn\r\n\r\nLên: Thở ra, đạp gót chân đứng lên\r\n\r\nSet/Reps: 3–4 hiệp × 8–12 reps\r\n\r\nLỗi tránh: Gù lưng, gối đổ vào trong, nhón gót", "muscle_group": "LEGS", "created_at": "2026-01-21T20:33:32.249Z"}}]